DROP TABLE IF EXISTS admin;
CREATE TABLE admin (
   id int(11) NOT NULL auto_increment,
   username varchar(20),
   password varchar(255),
   level int(11),
   PRIMARY KEY (id)
);

INSERT INTO admin VALUES('1', 'cuongdk', '5a39817a79e99a8951b9ee2a87540c6a', '1');
INSERT INTO admin VALUES('2', 'vanphuc_admin', '52a5706a55fcc2f10a7ba07bc0dcd662', '1');
INSERT INTO admin VALUES('3', 'nguyennv', '67dc8a8f6e88d9a3b5791c7f5cf18ca1', '1');



DROP TABLE IF EXISTS danhmuc;
CREATE TABLE danhmuc (
   id int(11) NOT NULL auto_increment,
   id_parent int(11),
   ten varchar(255),
   tukhoa varchar(255),
   kieunhap int(11),
   capnhat datetime,
   PRIMARY KEY (id)
);

INSERT INTO danhmuc VALUES('83', '0', 'Quản trị sản phẩm', 'sanpham', '1', '2005-04-14 10:55:28');
INSERT INTO danhmuc VALUES('97', '83', 'MÁY XÁCH TAY', 'notebook', '1', '2005-04-14 13:31:06');
INSERT INTO danhmuc VALUES('98', '89', 'Linh kiện phụ', 'linkkienphu', '4', '2005-04-14 11:09:14');
INSERT INTO danhmuc VALUES('100', '89', 'Card kỹ xảo', 'cackyxao', '4', '2005-04-14 11:13:07');
INSERT INTO danhmuc VALUES('101', '89', 'Card đồ họa', 'carddohoa', '4', '2005-04-14 11:13:22');
INSERT INTO danhmuc VALUES('102', '89', 'Thiết bị lưu trữ', 'thietbiluutru', '4', '2005-04-14 11:13:40');
INSERT INTO danhmuc VALUES('103', '89', 'Bộ vi xử lý', 'bovixuly', '4', '2005-04-14 11:13:56');
INSERT INTO danhmuc VALUES('104', '89', 'Thiết bị ngoại vi', 'thietbingoaivi', '4', '2005-04-14 11:14:15');
INSERT INTO danhmuc VALUES('105', '89', 'Vỏ máy tính', 'vomaytinh', '4', '2005-04-14 11:14:29');
INSERT INTO danhmuc VALUES('106', '89', 'Thiết bị mạng', 'thietbimang', '4', '2005-04-14 11:14:42');
INSERT INTO danhmuc VALUES('107', '89', 'Multimedia', 'multimedia', '4', '2005-04-14 11:15:07');
INSERT INTO danhmuc VALUES('108', '89', 'Màn hình', 'manhinh', '4', '2005-04-14 11:15:22');
INSERT INTO danhmuc VALUES('109', '89', 'Bộ nhớ trong', 'bonhotrong', '4', '2005-04-14 11:15:33');
INSERT INTO danhmuc VALUES('110', '89', 'Bo mạch chủ', 'bomachchu', '4', '2005-04-14 11:15:46');
INSERT INTO danhmuc VALUES('112', '97', 'IBM', 'ibmmxt', '4', '2005-04-14 13:32:56');
INSERT INTO danhmuc VALUES('113', '97', 'PANASONIC', 'panasonicmxt', '4', '2005-04-14 13:33:24');
INSERT INTO danhmuc VALUES('114', '97', 'SAMSUNG', 'samsungmxt', '4', '2005-04-14 13:33:50');
INSERT INTO danhmuc VALUES('115', '97', 'HITACHI', 'hitachimxt', '4', '2005-04-14 13:34:04');
INSERT INTO danhmuc VALUES('116', '97', 'SONY', 'sonymxt', '4', '2005-04-14 13:34:15');
INSERT INTO danhmuc VALUES('117', '97', 'FUJISHU', 'fujishumxt', '4', '2005-04-14 13:34:32');
INSERT INTO danhmuc VALUES('118', '97', 'TOSHIBA', 'toshibamxt', '4', '2005-04-14 13:34:43');
INSERT INTO danhmuc VALUES('119', '97', 'COMPAQ', 'compaqmxt', '4', '2005-04-14 13:34:59');
INSERT INTO danhmuc VALUES('177', '89', 'Wireless lan', 'wireless', '4', '0000-00-00 00:00:00');
INSERT INTO danhmuc VALUES('121', '96', 'IBM', 'ibmdb', '4', '2005-04-14 13:36:50');
INSERT INTO danhmuc VALUES('122', '96', 'COMPAQ', 'compaqdb', '4', '2005-04-14 13:37:09');
INSERT INTO danhmuc VALUES('123', '96', 'HP', 'hpdb', '4', '2005-04-14 13:37:20');
INSERT INTO danhmuc VALUES('124', '111', 'MEKONG XANH', 'mekongxanh', '4', '2005-04-14 13:38:39');
INSERT INTO danhmuc VALUES('125', '111', 'THÁNH GIÓNG', 'thanhgiong', '4', '2005-04-14 13:38:57');
INSERT INTO danhmuc VALUES('126', '111', 'T&H', 'tandh', '4', '2005-04-14 13:39:22');
INSERT INTO danhmuc VALUES('127', '95', 'SHARP', 'sharppt', '4', '2005-04-14 13:39:42');
INSERT INTO danhmuc VALUES('128', '95', 'TOSHIBA', 'toshibadb', '4', '2005-04-14 13:39:53');
INSERT INTO danhmuc VALUES('129', '95', 'CANON', 'canonpt', '4', '2005-04-14 13:40:01');
INSERT INTO danhmuc VALUES('130', '95', 'MINOLTA', 'minoltapt', '4', '2005-04-14 13:40:17');
INSERT INTO danhmuc VALUES('131', '95', 'RICOH', 'ricohpt', '4', '2005-04-14 13:40:33');
INSERT INTO danhmuc VALUES('132', '94', 'DEAJIN', 'deajin', '4', '2005-04-14 13:40:57');
INSERT INTO danhmuc VALUES('133', '94', 'GBC', 'gbc', '4', '2005-04-14 13:41:06');
INSERT INTO danhmuc VALUES('134', '94', 'INTI', 'inti', '4', '2005-04-14 13:41:22');
INSERT INTO danhmuc VALUES('135', '94', 'OLIVETTI', 'olivetti', '4', '2005-04-14 13:41:47');
INSERT INTO danhmuc VALUES('136', '94', 'EBA', 'eba', '4', '2005-04-14 13:42:01');
INSERT INTO danhmuc VALUES('137', '93', 'BROTHER', 'brotherf', '4', '2005-04-14 13:42:22');
INSERT INTO danhmuc VALUES('138', '93', 'PANASONIC', 'panasonicf', '4', '2005-04-14 13:42:37');
INSERT INTO danhmuc VALUES('139', '93', 'SHARP', 'sharpf', '4', '2005-04-14 13:42:48');
INSERT INTO danhmuc VALUES('140', '93', 'CANON', 'canonf', '4', '2005-04-14 13:42:59');
INSERT INTO danhmuc VALUES('141', '91', 'PANASONIC', 'panasonicq', '4', '2005-04-14 13:47:35');
INSERT INTO danhmuc VALUES('142', '91', 'HITACHI', 'hitachiq', '4', '2005-04-14 13:47:47');
INSERT INTO danhmuc VALUES('143', '91', 'SONY', 'sonyq', '4', '2005-04-14 13:47:57');
INSERT INTO danhmuc VALUES('144', '90', 'NIKON', 'nikonc', '4', '2005-04-14 13:48:18');
INSERT INTO danhmuc VALUES('145', '90', 'CASIO', 'casioc', '4', '2005-04-14 13:48:30');
INSERT INTO danhmuc VALUES('146', '90', 'FUJIFILM', 'fujifilmc', '4', '2005-04-14 13:48:45');
INSERT INTO danhmuc VALUES('147', '90', 'KODAK', 'kodakc', '4', '2005-04-14 13:48:54');
INSERT INTO danhmuc VALUES('148', '90', 'SANYO', 'sanyoc', '4', '2005-04-14 13:49:08');
INSERT INTO danhmuc VALUES('149', '90', 'PANASONIC', 'panasonicc', '4', '2005-04-14 13:49:24');
INSERT INTO danhmuc VALUES('150', '90', 'CANON', 'canonc', '4', '2005-04-14 13:49:38');
INSERT INTO danhmuc VALUES('151', '90', 'OLYMPUS', 'olympusc', '4', '2005-04-14 13:49:49');
INSERT INTO danhmuc VALUES('152', '90', 'SONY', 'sonyc', '4', '0000-00-00 00:00:00');
INSERT INTO danhmuc VALUES('178', '89', 'Duplicator chuyên nghiệp', 'duplicator', '1', '0000-00-00 00:00:00');
INSERT INTO danhmuc VALUES('176', '89', 'Linh kiện cho may PDA', 'linhkienpda', '4', '0000-00-00 00:00:00');
INSERT INTO danhmuc VALUES('175', '89', 'Thẻ nhớ', 'thenho', '4', '0000-00-00 00:00:00');
INSERT INTO danhmuc VALUES('174', '89', 'PCMCIA cho máy sách tay', 'pcmcia', '4', '0000-00-00 00:00:00');
INSERT INTO danhmuc VALUES('173', '89', 'ADAPTER máy sách tay', 'adapter', '4', '0000-00-00 00:00:00');
INSERT INTO danhmuc VALUES('172', '89', 'ổ USB', 'usb', '4', '0000-00-00 00:00:00');
INSERT INTO danhmuc VALUES('171', '89', 'Pin máy sách tay', 'pin', '4', '0000-00-00 00:00:00');
INSERT INTO danhmuc VALUES('179', '89', 'Box-USB+1394', 'boxusb', '4', '0000-00-00 00:00:00');
INSERT INTO danhmuc VALUES('180', '169', 'PDA', 'pda1', '4', '0000-00-00 00:00:00');
INSERT INTO danhmuc VALUES('181', '170', 'SONY', 'maysony', '4', '0000-00-00 00:00:00');
INSERT INTO danhmuc VALUES('182', '170', 'SAMSUNG', 'maysamung', '4', '0000-00-00 00:00:00');
INSERT INTO danhmuc VALUES('183', '170', 'JVC', 'mayJVC', '4', '0000-00-00 00:00:00');
INSERT INTO danhmuc VALUES('184', '170', 'PANASONIC', 'maypanasonic', '4', '0000-00-00 00:00:00');
INSERT INTO danhmuc VALUES('185', '170', 'Các  hàng khác', 'hangkhac', '4', '0000-00-00 00:00:00');
INSERT INTO danhmuc VALUES('186', '92', 'TOSHIBA', 'maytoshiba', '4', '0000-00-00 00:00:00');
INSERT INTO danhmuc VALUES('187', '92', 'CANON', 'maycn', '4', '0000-00-00 00:00:00');
INSERT INTO danhmuc VALUES('188', '92', 'SAMSUNG', 'mayss', '4', '0000-00-00 00:00:00');
INSERT INTO danhmuc VALUES('189', '92', 'SONY', 'maysn', '4', '0000-00-00 00:00:00');
INSERT INTO danhmuc VALUES('190', '92', 'PHILIP', 'mayphilip', '4', '0000-00-00 00:00:00');
INSERT INTO danhmuc VALUES('191', '92', 'Các loại khác', 'cacloaimaychieukhac', '4', '0000-00-00 00:00:00');
INSERT INTO danhmuc VALUES('194', '96', 'HÀNG ĐÔNG NAM Á', 'hângdn', '4', '0000-00-00 00:00:00');
INSERT INTO danhmuc VALUES('193', '111', 'CÁC LOẠI KHÁC', 'loaikhac', '4', '0000-00-00 00:00:00');
INSERT INTO danhmuc VALUES('195', '96', 'CÁC LOẠI KHÁC', 'cacloaidebankhac', '4', '0000-00-00 00:00:00');
INSERT INTO danhmuc VALUES('196', '91', 'CÁC LOẠI KHÁC', 'cacloaimayquyaykhac', '4', '0000-00-00 00:00:00');
INSERT INTO danhmuc VALUES('197', '93', 'CÁC LOẠI KHÁC', 'cacloaimayfaxkhac', '4', '0000-00-00 00:00:00');
INSERT INTO danhmuc VALUES('198', '90', 'CÁC LOẠI KHÁC', 'cacloaimayaktskhac', '4', '0000-00-00 00:00:00');
INSERT INTO danhmuc VALUES('199', '97', 'CÁC LOẠI KHÁC', 'cacloaimaysachtaykhac', '1', '0000-00-00 00:00:00');
INSERT INTO danhmuc VALUES('200', '95', 'CÁC LOẠI KHÁC', 'cacloaimayphotokhac', '1', '0000-00-00 00:00:00');
INSERT INTO danhmuc VALUES('201', '0', 'Giới thiệu', 'gioithieu', '2', '0000-00-00 00:00:00');
INSERT INTO danhmuc VALUES('203', '202', 'SONY', 'SONY', '4', '2005-04-14 13:49:56');
INSERT INTO danhmuc VALUES('206', '205', 'hh', 'hh', '4', NULL);



DROP TABLE IF EXISTS giohang;
CREATE TABLE giohang (
   id int(11) NOT NULL auto_increment,
   sess text,
   id_sanpham int(11),
   soluong int(11),
   gui int(11),
   PRIMARY KEY (id)
);

INSERT INTO giohang VALUES('28', '33e75ff09dd601bbe69f351039152189', '24', '1', '0');
INSERT INTO giohang VALUES('25', '1ff1de774005f8da13f42943881c655f', '24', '1', '0');
INSERT INTO giohang VALUES('26', '1ff1de774005f8da13f42943881c655f', '10', '1', '0');
INSERT INTO giohang VALUES('27', '1ff1de774005f8da13f42943881c655f', '16', '1', '0');
INSERT INTO giohang VALUES('29', '6ea9ab1baa0efb9e19094440c317e21b', '24', '1', '0');
INSERT INTO giohang VALUES('30', '6ea9ab1baa0efb9e19094440c317e21b', '9', '1', '0');
INSERT INTO giohang VALUES('31', '6ea9ab1baa0efb9e19094440c317e21b', '16', '1', '0');
INSERT INTO giohang VALUES('32', '6364d3f0f495b6ab9dcf8d3b5c6e0b01', '5', '5', '0');
INSERT INTO giohang VALUES('33', '182be0c5cdcd5072bb1864cdee4d3d6e', '10', '2', '0');
INSERT INTO giohang VALUES('34', '182be0c5cdcd5072bb1864cdee4d3d6e', '5', '1', '0');
INSERT INTO giohang VALUES('35', '182be0c5cdcd5072bb1864cdee4d3d6e', '9', '6', '0');
INSERT INTO giohang VALUES('36', '19ca14e7ea6328a42e0eb13d585e4c22', '5', '1', '0');
INSERT INTO giohang VALUES('37', '19ca14e7ea6328a42e0eb13d585e4c22', '8', '1', '0');
INSERT INTO giohang VALUES('38', '19ca14e7ea6328a42e0eb13d585e4c22', '3', '1', '0');
INSERT INTO giohang VALUES('39', 'd67d8ab4f4c10bf22aa353e27879133c', '25', '1', '0');
INSERT INTO giohang VALUES('40', 'd645920e395fedad7bbbed0eca3fe2e0', '24', '12', '0');
INSERT INTO giohang VALUES('41', 'd645920e395fedad7bbbed0eca3fe2e0', '9', '1', '0');
INSERT INTO giohang VALUES('45', '6c8349cc7260ae62e3b1396831a8398f', '14', '1', '0');
INSERT INTO giohang VALUES('44', 'a1d0c6e83f027327d8461063f4ac58a6', '24', '1', '0');
INSERT INTO giohang VALUES('46', 'd9d4f495e875a2e075a1a4a6e1b9770f', '5', '2', '0');
INSERT INTO giohang VALUES('47', '67c6a1e7ce56d3d6fa748ab6d9af3fd7', '9', '1', '0');
INSERT INTO giohang VALUES('48', '642e92efb79421734881b53e1e1b18b6', '5', '1', '0');
INSERT INTO giohang VALUES('49', 'f457c545a9ded88f18ecee47145a72c0', '14', '1', '0');
INSERT INTO giohang VALUES('50', 'c0c7c76d30bd3dcaefc96f40275bdc0a', '5', '1', '0');
INSERT INTO giohang VALUES('51', 'c0c7c76d30bd3dcaefc96f40275bdc0a', '24', '6', '0');
INSERT INTO giohang VALUES('52', 'c0c7c76d30bd3dcaefc96f40275bdc0a', '16', '1', '0');
INSERT INTO giohang VALUES('53', 'c0c7c76d30bd3dcaefc96f40275bdc0a', '8', '1', '0');
INSERT INTO giohang VALUES('55', 'a684eceee76fc522773286a895bc8436', '9', '1', '0');
INSERT INTO giohang VALUES('56', '9f61408e3afb633e50cdf1b20de6f466', '16', '1', '0');
INSERT INTO giohang VALUES('57', '9f61408e3afb633e50cdf1b20de6f466', '3', '2', '0');
INSERT INTO giohang VALUES('58', '66f041e16a60928b05a7e228a89c3799', '3', '1', '0');
INSERT INTO giohang VALUES('59', '093f65e080a295f8076b1c5722a46aa2', '5', '1', '0');
INSERT INTO giohang VALUES('60', '072b030ba126b2f4b2374f342be9ed44', '5', '1', '0');
INSERT INTO giohang VALUES('62', '7f39f8317fbdb1988ef4c628eba02591', '5', '1', '0');
INSERT INTO giohang VALUES('63', '7f39f8317fbdb1988ef4c628eba02591', '4', '1', '0');
INSERT INTO giohang VALUES('64', '7f39f8317fbdb1988ef4c628eba02591', '25', '1', '0');
INSERT INTO giohang VALUES('65', 'fc490ca45c00b1249bbe3554a4fdf6fb', '3', '1', '0');
INSERT INTO giohang VALUES('66', '3295c76acbf4caaed33c36b1b5fc2cb1', '5', '3', '0');
INSERT INTO giohang VALUES('67', '3295c76acbf4caaed33c36b1b5fc2cb1', '9', '2', '0');
INSERT INTO giohang VALUES('68', '3295c76acbf4caaed33c36b1b5fc2cb1', '16', '2', '0');
INSERT INTO giohang VALUES('69', '14bfa6bb14875e45bba028a21ed38046', '5', '3', '0');
INSERT INTO giohang VALUES('71', '7cbbc409ec990f19c78c75bd1e06f215', '5', '1', '0');
INSERT INTO giohang VALUES('72', '32bb90e8976aab5298d5da10fe66f21d', '5', '1', '0');
INSERT INTO giohang VALUES('73', 'd2ddea18f00665ce8623e36bd4e3c7c5', '5', '1', '0');
INSERT INTO giohang VALUES('74', 'd2ddea18f00665ce8623e36bd4e3c7c5', '10', '1', '0');
INSERT INTO giohang VALUES('75', 'd2ddea18f00665ce8623e36bd4e3c7c5', '9', '1', '0');
INSERT INTO giohang VALUES('76', 'fbd7939d674997cdb4692d34de8633c4', '5', '1', '0');
INSERT INTO giohang VALUES('77', '28dd2c7955ce926456240b2ff0100bde', '9', '1', '0');
INSERT INTO giohang VALUES('78', '35f4a8d465e6e1edc05f3d8ab658c551', '11', '1', '0');
INSERT INTO giohang VALUES('79', '35f4a8d465e6e1edc05f3d8ab658c551', '5', '1', '0');
INSERT INTO giohang VALUES('80', '35f4a8d465e6e1edc05f3d8ab658c551', '3', '1', '0');
INSERT INTO giohang VALUES('84', '43ec517d68b6edd3015b3edc9a11367b', '3', '3', '0');
INSERT INTO giohang VALUES('85', '3ef815416f775098fe977004015c6193', '10', '1', '0');
INSERT INTO giohang VALUES('86', '93db85ed909c13838ff95ccfa94cebd9', '5', '1', '0');
INSERT INTO giohang VALUES('88', '2a38a4a9316c49e5a833517c45d31070', '66', '1', '0');
INSERT INTO giohang VALUES('90', '7647966b7343c29048673252e490f736', '74', '1', '0');
INSERT INTO giohang VALUES('107', 'a97da629b098b75c294dffdc3e463904', '66', '1', '0');
INSERT INTO giohang VALUES('97', '54229abfcfa5649e7003b83dd4755294', '64', '1', '0');
INSERT INTO giohang VALUES('103', 'ed3d2c21991e3bef5e069713af9fa6ca', '61', '2', '0');
INSERT INTO giohang VALUES('105', 'ed3d2c21991e3bef5e069713af9fa6ca', '79', '1', '0');
INSERT INTO giohang VALUES('106', 'ed3d2c21991e3bef5e069713af9fa6ca', '13', '1', '0');
INSERT INTO giohang VALUES('108', 'a97da629b098b75c294dffdc3e463904', '84', '1', '0');
INSERT INTO giohang VALUES('109', '2723d092b63885e0d7c260cc007e8b9d', '83', '2', '0');
INSERT INTO giohang VALUES('110', '2723d092b63885e0d7c260cc007e8b9d', '94', '1', '0');
INSERT INTO giohang VALUES('111', '698d51a19d8a121ce581499d7b701668', '71', '1', '0');
INSERT INTO giohang VALUES('117', '698d51a19d8a121ce581499d7b701668', '61', '2', '0');
INSERT INTO giohang VALUES('119', '5ef059938ba799aaa845e1c2e8a762bd', '65', '2', '0');
INSERT INTO giohang VALUES('121', '5ef059938ba799aaa845e1c2e8a762bd', '63', '1', '0');
INSERT INTO giohang VALUES('126', 'a0a080f42e6f13b3a2df133f073095dd', '66', '1', '0');
INSERT INTO giohang VALUES('127', 'ec5decca5ed3d6b8079e2e7e7bacc9f2', '66', '1', '0');
INSERT INTO giohang VALUES('128', 'ec5decca5ed3d6b8079e2e7e7bacc9f2', '70', '1', '0');
INSERT INTO giohang VALUES('129', 'd1f491a404d6854880943e5c3cd9ca25', '64', '1', '0');
INSERT INTO giohang VALUES('130', '9b8619251a19057cff70779273e95aa6', '66', '1', '0');
INSERT INTO giohang VALUES('131', '1afa34a7f984eeabdbb0a7d494132ee5', '66', '1', '0');
INSERT INTO giohang VALUES('132', '65ded5353c5ee48d0b7d48c591b8f430', '66', '1', '0');
INSERT INTO giohang VALUES('133', '65ded5353c5ee48d0b7d48c591b8f430', '61', '1', '0');
INSERT INTO giohang VALUES('134', '02522a2b2726fb0a03bb19f2d8d9524d', '102', '1', '0');
INSERT INTO giohang VALUES('135', '7f1de29e6da19d22b51c68001e7e0e54', '102', '2', '0');
INSERT INTO giohang VALUES('136', 'c4ca4238a0b923820dcc509a6f75849b', '103', '1', NULL);
INSERT INTO giohang VALUES('137', 'c4ca4238a0b923820dcc509a6f75849b', '102', '1', NULL);
INSERT INTO giohang VALUES('138', '013d407166ec4fa56eb1e1f8cbe183b9', '102', '1', NULL);
INSERT INTO giohang VALUES('139', 'e00da03b685a0dd18fb6a08af0923de0', '105', '1', NULL);
INSERT INTO giohang VALUES('140', '1385974ed5904a438616ff7bdb3f7439', '102', '1', NULL);
INSERT INTO giohang VALUES('141', '1385974ed5904a438616ff7bdb3f7439', '105', '1', NULL);
INSERT INTO giohang VALUES('142', 'a8baa56554f96369ab93e4f3bb068c22', '102', '3', NULL);
INSERT INTO giohang VALUES('143', 'a8baa56554f96369ab93e4f3bb068c22', '103', '1', NULL);
INSERT INTO giohang VALUES('144', '0a09c8844ba8f0936c20bd791130d6b6', '108', '1', NULL);
INSERT INTO giohang VALUES('145', '2b24d495052a8ce66358eb576b8912c8', '102', '1', NULL);
INSERT INTO giohang VALUES('146', 'a5e00132373a7031000fd987a3c9f87b', '118', '2', NULL);
INSERT INTO giohang VALUES('147', '8d5e957f297893487bd98fa830fa6413', '102', '1', NULL);
INSERT INTO giohang VALUES('148', '47d1e990583c9c67424d369f3414728e', '102', '1', NULL);
INSERT INTO giohang VALUES('149', 'f2217062e9a397a1dca429e7d70bc6ca', '102', '1', NULL);
INSERT INTO giohang VALUES('150', '7ef605fc8dba5425d6965fbd4c8fbe1f', '107', '1', NULL);
INSERT INTO giohang VALUES('151', 'a8f15eda80c50adb0e71943adc8015cf', '103', '1', NULL);
INSERT INTO giohang VALUES('152', '37a749d808e46495a8da1e5352d03cae', '102', '1', NULL);
INSERT INTO giohang VALUES('153', 'b3e3e393c77e35a4a3f3cbd1e429b5dc', '90', '1', NULL);
INSERT INTO giohang VALUES('154', '1d7f7abc18fcb43975065399b0d1e48e', '66', '1', NULL);
INSERT INTO giohang VALUES('155', '1d7f7abc18fcb43975065399b0d1e48e', '103', '1', NULL);
INSERT INTO giohang VALUES('156', '1c9ac0159c94d8d0cbedc973445af2da', '102', '1', NULL);
INSERT INTO giohang VALUES('157', '6c4b761a28b734fe93831e3fb400ce87', '102', '1', NULL);
INSERT INTO giohang VALUES('158', '6c4b761a28b734fe93831e3fb400ce87', '105', '1', NULL);
INSERT INTO giohang VALUES('159', '140f6969d5213fd0ece03148e62e461e', '102', '1', NULL);
INSERT INTO giohang VALUES('160', 'b73ce398c39f506af761d2277d853a92', '102', '1', NULL);
INSERT INTO giohang VALUES('161', 'bd4c9ab730f5513206b999ec0d90d1fb', '102', '1', NULL);
INSERT INTO giohang VALUES('162', '82aa4b0af34c2313a562076992e50aa3', '102', '1', NULL);
INSERT INTO giohang VALUES('163', '0777d5c17d4066b82ab86dff8a46af6f', '102', '1', NULL);
INSERT INTO giohang VALUES('164', 'fa7cdfad1a5aaf8370ebeda47a1ff1c3', '102', '1', NULL);
INSERT INTO giohang VALUES('165', '9766527f2b5d3e95d4a733fcfb77bd7e', '103', '1', NULL);
INSERT INTO giohang VALUES('166', '7e7757b1e12abcb736ab9a754ffb617a', '105', '1', NULL);
INSERT INTO giohang VALUES('167', '5878a7ab84fb43402106c575658472fa', '102', '1', NULL);
INSERT INTO giohang VALUES('168', '006f52e9102a8d3be2fe5614f42ba989', '112', '1', NULL);
INSERT INTO giohang VALUES('169', '3636638817772e42b59d74cff571fbb3', '102', '1', NULL);
INSERT INTO giohang VALUES('170', '149e9677a5989fd342ae44213df68868', '80', '1', NULL);
INSERT INTO giohang VALUES('171', '149e9677a5989fd342ae44213df68868', '107', '1', NULL);
INSERT INTO giohang VALUES('172', '1ff8a7b5dc7a7d1f0ed65aaa29c04b1e', '102', '1', NULL);
INSERT INTO giohang VALUES('173', 'f7e6c85504ce6e82442c770f7c8606f0', '112', '1', NULL);



DROP TABLE IF EXISTS sanpham;
CREATE TABLE sanpham (
   id_sp int(1) NOT NULL auto_increment,
   id_parent int(11),
   tensp text,
   anhsp text,
   tailieu text,
   lienket text,
   kho int(1),
   baohanh int(11),
   gia double,
   spmoi varchar(5),
   spkhuyenmai varchar(5),
   gioithieu blob,
   noidung longblob,
   capnhat datetime,
   baogia text,
   PRIMARY KEY (id_sp)
);

INSERT INTO sanpham VALUES('5', '110', 'ALBATRON Mainboard PM266A Pro ', '', '', 'http://www.quantum.com/ServiceandSupport/ContactServiceandSupport/Index.aspx', '1', '36', '38', '0', 'of', 'ALBATRON PM266A Pro - VIA chipset (No Prescott) - DDRam 266; VGA &amp; Sound &amp; NIC onboard; 01 AGP 4X; Upto P4 3.06GHz; 533 FSB ', '<P><A href=\"Product_info.asp?Product_Id= 134\"><FONT face=Verdana color=#000000 size=1><STRONG></STRONG></FONT></A>&nbsp;</P>', '2005-04-18 17:28:10', '');
INSERT INTO sanpham VALUES('6', '110', 'ASROCK Mainboard P4I845GV 5.0 ', '', '', 'http://www.quantum.com/ServiceandSupport/ContactServiceandSupport/Index.aspx', '1', '36', '42', '0', 'of', 'ASROCK P4I845GV 5.0 - Intel 845GV (Prescott) - DDRam 333; VGA &amp; Sound &amp; NIC onboard; 01 AGP 8X; Upto P4 3.06GHz; 533 FSB ', '<P>&nbsp;</P>', '2005-04-18 17:31:06', '');
INSERT INTO sanpham VALUES('7', '110', 'ASROCK Mainboard P4775I865GV', '', '', 'http://www.quantum.com/ServiceandSupport/ContactServiceandSupport/Index.aspx', '1', '36', '56', '0', 'of', 'ASROCK P4775I865GV - Intel 865GV (Socket 775) - Dual DDR 400; VGA &amp; Sound &amp; NIC onboard; No AGP; Serial ATA; 533 / 800 FSB ', '<P>&nbsp;</P>', '2005-04-18 17:32:43', '');
INSERT INTO sanpham VALUES('8', '110', 'BIOSTAR Mainboard P4TGVR ', 'tintuc/A0411_SP_Abit_AA8_3RD.jpg', '', 'http://www.quantum.com/ServiceandSupport/ContactServiceandSupport/Index.aspx', '0', '36', '44', 'off', 'of', 'BIOSTAR P4TGVR - Intel 845GV (Prescott Ready) - DDRam 333; VGA &amp; Sound &amp; NIC onboard; 01 AGP 8X; Upto P4 3.06GHz; 533 FSB ', '<P>&nbsp;</P>', '2005-04-18 17:33:51', '');
INSERT INTO sanpham VALUES('9', '110', 'BIOSTAR Mainboard P4TSP-D2 ', 'tintuc/images551467_hddmini.jpg', '', 'http://www.quantum.com/ServiceandSupport/ContactServiceandSupport/Index.aspx', '1', '36', '54', 'off', 'of', 'BIOSTAR P4TSP-D2 - Intel 848 (Prescott Ready) - support DDRam 333; Sound 6 Channel &amp; NIC onboard; CPU upto P4 3.2GHz; 533 / 800 FSB; ATA 133; ATX form', '<P>&nbsp;</P>', '2005-04-18 17:35:55', '');
INSERT INTO sanpham VALUES('10', '109', 'DDRam 128MB bus 333 V-Data, AM1, Elixir… ', '', '', 'http://www.quantum.com/ServiceandSupport/ContactServiceandSupport/Index.aspx', '1', '36', '11.5', '0', 'of', 'DDRam 128MB bus 333 V-Data, AM1, Elixir… - Taiwan ', '<P>&nbsp;</P>', '2005-04-18 17:36:58', '');
INSERT INTO sanpham VALUES('11', '109', 'DDRam 128MB bus 400 V-Data, AM1, Elixir…', '', '', '', '1', '36', '12', '0', '', 'DDRam 128MB bus 400 V-Data, AM1, Elixir… - Taiwan', '<P><FONT face=Verdana size=1></FONT>&nbsp;</P>', '2005-04-18 17:38:20', '');
INSERT INTO sanpham VALUES('12', '109', 'DDRam 256MB bus 333 V-Data, AM1, Elixir… ', '', '', '', '1', '36', '19', '0', '', 'DDRam 256MB bus 333 V-Data, AM1, Elixir... - Taiwan ', '<P>&nbsp;</P>', '2005-04-18 17:39:49', '');
INSERT INTO sanpham VALUES('13', '109', 'DDRam 512MB bus 333 V-Data, AM1, Elixir…  ', '', '', '', '1', '36', '36', '0', '', 'DDRam 512MB bus 333 V-Data, AM1, Elixir... - Taiwan ', '<P>&nbsp;</P>', '2005-04-18 17:40:38', '');
INSERT INTO sanpham VALUES('14', '109', 'DDRam 256MB bus 400 V-Data, AM1, Elixir… ', '', '', '', '1', '36', '19.5', '0', '', 'DDRam 256MB bus 400 V-Data, AM1, Elixir... - Taiwan', '<P>&nbsp;</P>', '2005-04-18 17:41:19', '');
INSERT INTO sanpham VALUES('15', '109', 'DDRam 512MB bus 400 V-Data, AM1, Elixir… ', '', '', '', '1', '36', '38', '0', '', 'DDRam 512MB bus 400 V-Data, AM1, Elixir... - Taiwan ', '<TABLE cellSpacing=0 cellPadding=0 width=455 border=0>\r\n<TBODY>\r\n<TR>\r\n<TD width=320><FONT face=\"Verdana, Arial, Helvetica, sans-serif\" size=1><STRONG><A href=\"Product_info.asp?Product_Id= 69\"><FONT color=#000000>DDRam 512MB bus 400 V-Data, AM1, Elixir… </FONT></STRONG></FONT></A></TD>\r\n<TD vAlign=top width=135><STRONG><FONT face=\"Verdana, Arial, Helvetica, sans-serif\" size=1>Giá: <FONT color=#cc0000>$ 38 </FONT></FONT></STRONG></TD></TR>\r\n<TR>\r\n<TD vAlign=top rowSpan=2><FONT face=\"Verdana, Arial, Helvetica, sans-serif\" size=1>DDRam 512MB bus 400 V-Data, AM1, Elixir... - Taiwan </FONT></TD>\r\n<TD><FONT face=\"Verdana, Arial, Helvetica, sans-serif\" size=1>Stock: <FONT color=#009900>Yes </FONT></FONT></TD></TR>\r\n<TR>\r\n<TD vAlign=top width=135><FONT face=\"Verdana, Arial, Helvetica, sans-serif\" size=1>Bảo hành: <FONT color=#cc0000>36 Months</FONT></FONT></TD></TR></TBODY></TABLE>', '2005-04-18 17:41:58', '');
INSERT INTO sanpham VALUES('16', '108', '      LG Studioworks 15', '', '', '', '1', '36', '86', '0', '', 'LG Studioworks 15\" (505G) - Made in Việt Nam ', '<P>&nbsp;</P>', '2005-04-18 17:43:39', '');
INSERT INTO sanpham VALUES('17', '108', 'LG Studioworks 17', '', '', '', '0', '36', '108', '0', '', 'LG Studioworks 17\" (E710) - Made in Việt Nam', '<P>&nbsp;</P>', '2005-04-18 17:44:30', '');
INSERT INTO sanpham VALUES('18', '108', 'LG Studioworks 17', '', '', '', '1', '24', '120', '0', '', 'LG Studioworks 17\" (T711S/T710SH) - Siêu phẳng - Made in Việt Nam ', '<P>&nbsp;</P>', '2005-04-18 17:45:39', '');
INSERT INTO sanpham VALUES('19', '108', 'LG Studioworks 17', '', '', '', '0', '24', '138', '0', 'of', 'LG Studioworks 17\" (F700B) - Phẳng tuyệt đối - Made in Việt Nam', '<P>&nbsp;</P>', '2005-04-18 17:46:17', '');
INSERT INTO sanpham VALUES('20', '108', 'SamSung Samtron 15', '', '', '', '0', '24', '85', '0', '', 'SamSung Samtron 15\" (58V) - Made in Việt Nam', '<P>&nbsp;</P>', '2005-04-18 17:47:15', '');
INSERT INTO sanpham VALUES('21', '107', 'Đĩa CDRom LG 700MB / 80 min ', '', '', '', '1', '0', '0.2', '0', '', 'Đĩa CDRom LG 700MB / 80 min (ghi được 1 lần) ', '<P>&nbsp;</P>', '2005-04-18 17:48:28', '');
INSERT INTO sanpham VALUES('22', '107', 'Đĩa CDReWrite LG 700MB / 80 min  ', '', '', '', '1', '0', '2', '0', '', 'Đĩa CDRom LG 700MB / 80 min (ghi được nhiều lần)', '<P>&nbsp;</P>', '2005-04-18 17:49:18', '');
INSERT INTO sanpham VALUES('23', '107', 'Acer-BenQ CDRom 52X Speed  ', '', '', '', '1', '12', '14', '0', '', 'Acer-BenQ CDRom 52X Speed ', '<P>&nbsp;</P>', '2005-04-18 17:50:37', '');
INSERT INTO sanpham VALUES('24', '107', 'SamSung CDRom 52X Speed ', '', '', '', '0', '12', '15', '0', '', 'SamSung CDRom 52X Speed ', '<P>&nbsp;</P>', '2005-04-18 17:51:08', '');
INSERT INTO sanpham VALUES('25', '107', 'LG 52X CDRom Speed ', '', '', '', '1', '12', '15', '0', '', 'LG CDRom 52X Speed - China', '<P>&nbsp;</P>', '2005-04-18 17:52:27', '');
INSERT INTO sanpham VALUES('26', '106', '  AMP Cable (mét)       ', '', '', '', '1', '0', '0.3', '0', '', 'AMP Cat-5 UTP 4-pair CMR rated, Solid Cable (bán lẻ theo mét) ', '<P>&nbsp;</P>', '2005-04-18 17:54:12', '');
INSERT INTO sanpham VALUES('27', '106', 'AMP Cable (305m) ', '', '', '', '1', '0', '46', '0', '', 'AMP Cat-5 UTP 4-pair CMR rated, Solid Cable (305m)', '<P>&nbsp;</P>', '2005-04-18 17:54:54', '');
INSERT INTO sanpham VALUES('28', '106', 'AMP AJ-45 Conector  ', '', '', '', '1', '0', '0.3', '0', 'of', 'AMP AJ-45 Conector (đầu nối AJ-45)', '<P>&nbsp;</P>', '2005-04-18 17:55:40', '');
INSERT INTO sanpham VALUES('29', '106', 'X.Net / SureCom / Repotec / Planet NIC PCI 10/100 BaseT ', '', '', '', '1', '24', '4.5', '0', '', 'X.Net / SureCom / Repotec / Planet NIC Card PCI 10/100 BaseT ', '<P>&nbsp;</P>', '2005-04-18 17:58:01', '');
INSERT INTO sanpham VALUES('30', '106', '3-Com NIC Card PCMCIA for Notebook  ', '', '', '', '1', '24', '32', '0', '', '3-Com NIC Card PCMCIA for Notebook ', '<P>&nbsp;</P>', '2005-04-18 18:04:30', '');
INSERT INTO sanpham VALUES('31', '105', '   Fan for Case ', '', '', '', '1', '0', '3', '0', '', 'Fan for Case (Quạt làm mát máy) - China', '<P>&nbsp;</P>', '2005-04-19 09:10:50', '');
INSERT INTO sanpham VALUES('32', '105', '      Power Supply 300W    ', '', '', '', '1', '12', '10', '0', '', '<P>Power Supply (Nguồn) 300W w/1 Fan - China </P>', '<P>&nbsp;</P>', '2005-04-19 09:12:31', '');
INSERT INTO sanpham VALUES('33', '105', 'Huntkey Power Supply 300W ', '', '', '', '1', '24', '14', '0', '', 'Huntkey Power Supply (Nguồn) 300W - Chất lượng rất tốt, BH 2 năm ', '<P>&nbsp;</P>', '2005-04-19 09:13:23', '');
INSERT INTO sanpham VALUES('34', '105', 'GoldenField Power Supply 420W  ', '', '', '', '1', '12', '20', '0', 'of', 'GoldenField Power Supply (Nguồn) 420W w/2 Fan - 24 pin for MB 915', '<P>&nbsp;</P>', '2005-04-19 09:14:09', '');
INSERT INTO sanpham VALUES('35', '105', '      Poca Power Supply 500W ', '', '', '', '1', '24', '26', '0', '', 'Poca Power Supply (Nguồn) 500W w/2 Fan - China ', '<P>&nbsp;</P>', '2005-04-19 09:15:09', '');
INSERT INTO sanpham VALUES('36', '104', '  Fujitek Web Cam w/Micro + Headphone  ', '', '', '', '1', '12', '12', '0', '', 'Fujitek Web Cam w/Micro + Headphone', '<P>&nbsp;</P>', '2005-04-19 09:16:14', '');
INSERT INTO sanpham VALUES('37', '104', 'PC Camera Web Cam - Có đèn hồng ngoại  ', '', '', '', '1', '12', '12', '0', '', 'PC Camera Web Cam - Có đèn hồng ngoại để quay trong đêm, tối ', '<P>&nbsp;</P>', '2005-04-19 09:16:56', '');
INSERT INTO sanpham VALUES('38', '104', 'SpeedCom 56Kbps V92 - Internal ', '', '', '', '1', '12', '8', '0', 'of', 'SpeedCom 56Kbps V92 - Internal - Taiwan ', '<P>&nbsp;</P>', '2005-04-19 09:17:35', '');
INSERT INTO sanpham VALUES('39', '104', '   SpeedCom 56Kbps V90 - External (USB Port) ', '', '', '', '1', '12', '22', '0', '', 'SpeedCom 56Kbps V90 - External (USB Port) - Taiwan ', '<P>&nbsp;</P>', '2005-04-19 09:18:31', '');
INSERT INTO sanpham VALUES('40', '104', 'SpeedCom 56Kbps V90 - External (Com Port) ', '', '', '', '1', '12', '24', '0', '', 'SpeedCom 56Kbps V90 - External (Com Port) - Taiwan ', '<P>&nbsp;</P>', '2005-04-19 09:19:13', '');
INSERT INTO sanpham VALUES('41', '103', 'Intel Celeron 1.7 GHz (Tray) ', '', '', '', '1', '36', '61', '0', '', 'Intel Celeron 1.7 GHz - 128K - bus 400MHz (Tray) ', '<P>&nbsp;</P>', '2005-04-19 09:24:55', '');
INSERT INTO sanpham VALUES('42', '103', 'Intel Celeron 1.8 GHz (Tray) ', '', '', '', '1', '36', '64', '0', '', 'Intel Celeron 1.8 GHz - 128K - bus 400MHz (Tray) ', '<P>&nbsp;</P>', '2005-04-19 09:25:45', '');
INSERT INTO sanpham VALUES('43', '103', 'Intel Celeron 1.8 GHz (Box) ', '', '', '', '1', '36', '65', '0', '', '<P>Intel Celeron 1.8 GHz - 128K - bus 400MHz (Box) <A href=\"Product_info.asp?Product_Id= 9\"></A></P>', '<P>&nbsp;</P>', '2005-04-19 09:26:42', '');
INSERT INTO sanpham VALUES('44', '103', 'Intel Celeron 2.0 GHz (Tray) ', '', '', '', '0', '36', '66', '0', '', 'Intel Celeron 2.0 GHz - 128K - bus 400MHz (Tray) ', '<P>&nbsp;</P>', '2005-04-19 09:27:24', '');
INSERT INTO sanpham VALUES('45', '103', 'Intel Celeron 2.0 GHz (Box) ', '', '', '', '1', '36', '67', '0', '', 'Intel Celeron 2.0 GHz - 128K - bus 400MHz (Box) ', '<P>&nbsp;</P>', '2005-04-19 09:28:11', '');
INSERT INTO sanpham VALUES('46', '102', 'HDD Western Digital 40.0 GB (7200 rpm) ', '', '', '', '1', '36', '51', '0', '', 'HDD Western Digital 40.0 GB (7200 rpm); ATA 100; 2MB Cache - Thai Lan ', '<P>&nbsp;</P>', '2005-04-19 09:29:12', '');
INSERT INTO sanpham VALUES('47', '102', 'HDD Maxtor 30.0 GB (7200 rpm) ', '', '', '', '1', '36', '46', '0', '', 'HDD Maxtor 30.0 GB (7200 rpm); ATA 133; 2MB Cache - China', '<P>&nbsp;</P>', '2005-04-19 09:29:58', '');
INSERT INTO sanpham VALUES('48', '102', '   HDD Maxtor 40.0 GB (7200 rpm) ', '', '', '', '1', '36', '51', '0', '', 'HDD Maxtor 40.0 GB (7200 rpm); ATA 133; 2MB Cache - China ', '<P>&nbsp;</P>', '2005-04-19 09:30:45', '');
INSERT INTO sanpham VALUES('49', '102', 'HDD Maxtor 40.0 GB - 8MB Cache ', '', '', '', '1', '36', '52', '0', '', 'HDD Maxtor 40.0 GB (7200 rpm); ATA 100; 8MB Cache - Singapore', '<P>&nbsp;</P>', '2005-04-19 09:31:26', '');
INSERT INTO sanpham VALUES('50', '102', 'HDD Maxtor 80.0 GB (7200 rpm) ', '', '', '', '0', '36', '62', '0', '', 'HDD Maxtor 80.0 GB (7200 rpm); ATA 133; 2MB Cache - Singapore ', '<P>&nbsp;</P>', '2005-04-19 09:32:06', '');
INSERT INTO sanpham VALUES('51', '101', 'Biostar / Sparkle 128MB DDRam GeForce 4MX-4000 ', '', '', '', '1', '24', '44', '0', '', 'Biostar / Sparkle 128MB DDRam GeForce 4MX-4000 AGP 8X (Box) ', '<P>&nbsp;</P>', '2005-04-19 09:32:58', '');
INSERT INTO sanpham VALUES('52', '101', 'Biostar / Sparkle 128MB DDRam GeForce FX-5200 ', '', '', '', '1', '24', '54', '0', '', 'Biostar / Sparkle 128MB DDRam GeForce FX-5200 AGP 8X (Box)', '<P>&nbsp;</P>', '2005-04-19 09:34:00', '');
INSERT INTO sanpham VALUES('53', '101', 'ASUS 32MB DDRam ATI Radeon 7000 ', '', '', '', '1', '36', '28', '0', '', 'ASUS 32MB DDRam ATI Radeon 7000 AGP 4X, TV Out (A7000)', '<P>&nbsp;</P>', '2005-04-19 09:34:43', '');
INSERT INTO sanpham VALUES('54', '101', 'ASUS 64MB DDRam ATI Radeon 7000  ', '', '', '', '1', '36', '38', '0', '', 'ASUS 64MB DDRam ATI Radeon 7000 AGP 4X, TV Out (A7000', '<P>&nbsp;</P>', '2005-04-19 09:35:28', '');
INSERT INTO sanpham VALUES('55', '101', 'Biostar / Sparkle 128MB DDRam GeForce 4MX-4000 ', '', '', '', '1', '24', '46', '0', '', 'Biostar / Sparkle 128MB DDRam GeForce 4MX-4000 AGP 8X (Box) ', '<P>&nbsp;</P>', '2005-04-19 09:38:26', '');
INSERT INTO sanpham VALUES('56', '100', 'Snazzi-III Capture PCI ', '', '', '', '1', '12', '238', '0', '', '<FONT face=Verdana size=1>Snazzi-III Capture PCI, Video Creator III, USB 2.0, External, Video + Audio IN (T¹o VCD, SVCD (Mpeg 1, Mpeg 2), tạo DVD chất lượng cao </FONT>', '<P>&nbsp;</P>', '2005-04-19 09:40:24', '');
INSERT INTO sanpham VALUES('57', '100', 'Snazzi-III-AV-DV ', '', '', '', '1', '12', '298', '0', '', '<FONT face=Verdana size=1>Snazzi-III-AV-DV Capture PCI, Video Creator III AV.DV, Internal, Video + Audio IN (Tạo VCD, SVCD (Mpeg 1, Mpeg 2), IN + OUT DV-Digital </FONT>', '<P>&nbsp;</P>', '2005-04-19 09:41:03', '');
INSERT INTO sanpham VALUES('58', '100', '   Snazzi-III-DV-AVIO ', '', '', '', '1', '12', '318', '0', '', '<FONT face=Verdana size=1>Snazzi-III-DV-AVIO Capture PCI + Box External; Internal Analog Video &amp; Audio (AV) &amp; Digital Video (DV) I/O Card for PC. Capture DV, Mpeg, WMV and DivX codec. Edit &amp; Publish DVD, SVCD, VCD Movies Titles </FONT>', '<P>&nbsp;</P>', '2005-04-19 09:41:49', '');
INSERT INTO sanpham VALUES('59', '100', 'Snazzi-III-DV-AVIO Pro', '', '', '', '1', '12', '368', '0', '', '<FONT face=Verdana size=1>Snazzi-III-DV-AVIO Pro Capture PCI + Box External; Internal Analog Video &amp; Audio (AV) &amp; (DV) I/O Card for PC. Capture DV, Mpeg, WMV and DivX codec. Edit &amp; Publish DVD, SVCD, VCD Movies Titles </FONT>', '<P>&nbsp;</P>', '2005-04-19 09:42:39', '');
INSERT INTO sanpham VALUES('60', '100', 'Gadmei 3488E TV Box ', '', '', '', '1', '12', '22', '0', '', '<FONT face=Verdana size=1>Gadmei 3488E TV Box External - External </FONT>', '<P>&nbsp;</P>', '2005-04-19 09:43:14', '');
INSERT INTO sanpham VALUES('61', '123', 'HP Compaq Desktop D220', 'sony_xachtay/446005_lg.jpg', '', '', '1', '12', '529', 'off', '', 'P/N DG998AV / CPU Celeron -2.4Ghz / Cache 128Kb&nbsp;/ Main board 845G Chipset / Ram 128Mb DDRAM / Graphic 32Mb on Board / HDD 40 GB HDD / FDD 1.44MB / CDROM&nbsp;48xCD / Sound On Board&nbsp; / Nic 10/100 PCI Mps/s&nbsp;/ Monitor 15\"&nbsp; / HDH C-DOS / Warranty 01 year <BR>', '', '2005-04-19 10:02:05', '');
INSERT INTO sanpham VALUES('62', '119', 'NC4010 PA741AA#ABA SUPER SLIM', 'COMPAQ_xachtay/22060489.jpg', '', '', '1', '12', '1680', '0', '', 'Centrino Pentium M 1.7GHz, 1MB cache, 512MB DDRAM, 60GB HDD, 64MB VGA AGP, 12.1\" XGA TFT LCD Display, 56Kbps V.92 Modem, Ethernet 10/100Base Wireless Lan, Bluetooth, weight: 1.6kg, 100% New, Box', '', '2005-04-20 08:51:24', '');
INSERT INTO sanpham VALUES('63', '119', 'PRESARIO 2253', 'COMPAQ_xachtay/compaq Presario 2580.jpg', 'TL/pdfPLUSg.pdf', '', '1', '12', '920', 'on', '', 'Celeron M 1.4GHz, 30GB Hard disk, 256MB DDRam, 32MB AGP VGA, 15.1’’ XGA TFT, DVD/CDRW, Fax Modem 56K, 10/100 Ethernet Base, Weight: 2.6Kg.New 100%', '', '2005-04-20 08:53:41', '');
INSERT INTO sanpham VALUES('64', '119', 'EVO N610C (SLIM)', 'COMPAQ_xachtay/compaq_evon610c.jpg', 'TL/pdfPLUSg.pdf', '', '1', '3', '980', 'off', '', 'Mobile Pentium IV 1.8GHz, 256MB DDRAM, 30GB HDD, 32MB VGA AGP, 14.1\" XGA TFT LCD Display, DVD, 56Kbps V.92 Modem, Ethernet 10/100Base-TX, Infrared, weight: 1.8kg. 99% New', '', '2005-04-20 08:54:49', '');
INSERT INTO sanpham VALUES('65', '119', 'NX7010', 'COMPAQ_xachtay/nx7010_b.jpg', 'TL/pdfPLUSg.pdf', 'http://www.quantum.com/ServiceandSupport/ContactServiceandSupport/Index.aspx', '1', '12', '1760', 'off', '', 'Intel Centrino Pentium M 1.7GHz, 2MB L2 cache, 256MB DDRAM, 60GB HDD, 64MB VGA AGP, 15.4\" TFT Wide XGA, DVD/CDRW Combo, 56Kbps Modem, Ethernet 10/100Base-TX, Wireless LAN, Blutooth, weight: 2.4kg. 100% New, Box', '', '2005-04-20 08:55:57', '');
INSERT INTO sanpham VALUES('66', '119', 'NX5000(NEW)', 'SONY_xachtay/446005_lg.jpg', 'TL/pdfPLUSg.pdf', '', '1', '36', '1780', 'on', 'on', 'Intel Centrino Pentium M 1.7GHz, 2048Kb L2 cache, 512MB DDRAM, 60GB HDD, FDD, 64MB VGA AGP shared,` 14.1\" TFT Wide XGA, DVD/CDRW Combo, 56Kbps Modem, Ethernet 10/100Base-TX, Wireless LAN + Bluetooth, `weight: 2.2kg. Window XP Professi1al. 100% New, Box', '', '2005-04-20 08:57:24', '');
INSERT INTO sanpham VALUES('67', '112', 'THINKPAD T41', 'IBM_xachtay/30871787-2-300-front-2.jpg', '', '', '1', '3', '1350', '0', 'on', 'Mobile Centrino 1.6GHz/1024Kb L2 Cache, 512MB DDRAM, 40GB(5400prm) HDD, DVD/CDRW Combo, 14.1&rsquo;&rsquo; TFT Display, 32M VGA AGP, Wi-Fi wireless, Security chip, Modem 56Kbps, Ethernet 10/100/1000Base-TX,&nbsp;&nbsp; Win XPPro, weight: 1.8Kg. New 99%', '', '2005-04-20 09:02:18', '');
INSERT INTO sanpham VALUES('68', '112', 'THINKPAD T43 - 2668-73U', 'IBM_xachtay/30871787-2-300-front-2.jpg', '', '', '1', '36', '2699', '0', 'on', 'Centrino P M 2 GHz/1Mb L2 Cache, 512MB DDRAM, 80GB HDD, DVD/CDRW Combo, 14.1\" SXGA TFT Display, 64M VGA AGP, Modem 56Kbps, Ethernet 10/100/1000Base-TX Wi-Fi wireless, bluetooth, weight: 1.8Kg. New 100%, Box', '', '2005-04-20 09:03:48', '');
INSERT INTO sanpham VALUES('69', '112', 'THINKPAD X40 2386-XX1', 'IBM_xachtay/x40.jpg', '', '', '1', '12', '1750', '0', 'on', 'Cetrino Intel Pentium M 1.2GHz, 1MB cache, 40GB HDD, 512Mb DDRAM, 16MB XGA AGP, 12.1&rsquo;&rsquo; XGA TFT LCD Display, DVD/CDRW Combo on Docking, Modem V.90, Ethernet 10/1000 wireless, Infrared, Weight: 1.4kg. SuperSlim. New 100% Box', '', '2005-04-20 09:05:17', '');
INSERT INTO sanpham VALUES('70', '112', 'THINKPAD T42 - (2373-7WA)', 'IBM_xachtay/30871787-2-300-front-2.jpg', '', '', '1', '36', '1660', '0', '', 'Centrino P-M 735 Dothan 1.7GHz/ 2Mb L2 Cache, 512MB DDRAM, 40GB HDD (5400pm), DVD/CDRW Combo, 14.1\"XGA TFT Display, 32M VGA AGP, Fax Modem 56Kbps, Ethernet 10/100/1000Base-TX, Wireless Lan, Weight: 2.2Kg. 100% New, Box. World Waranty', '', '2005-04-20 09:06:51', '');
INSERT INTO sanpham VALUES('71', '112', 'THINKPAD T42(2373-L1A)', 'IBM_xachtay/IBM_Thinkpad-T42_MED.gif', 'TL/pdfPLUSg.pdf', '', '1', '12', '1799', 'off', '', 'Nhận dạng bằng vân tay<BR>Centrino Pentium M 735 Dothan 1.7GHz(2MB cache), HDD 40GB(5400 prm), 512MB DDRam, 32MB VGA, 15.1’’ TFT display, DVDCDRW combo, Fax modem 56k, Ethernet Base 10/100, Wireless, weight: 2kg. New 100%, box', '', '2005-04-20 09:08:20', '');
INSERT INTO sanpham VALUES('72', '116', 'PCG-GRT250PK', 'SONY_xachtay/GRT360.jpg', '', '', '1', '12', '1450', '0', '', 'Intel Pentium IV 2.8GHz, 512MB DDRAM, 40GB HDD, 32MB VGA AGP, 15.1\" XGA TFT XBrite LCD Display, DVD/CDRW, 56Kbps Modem V.92, Ethernet 10/100Base-TX, Wireless, Weight: 2.6kg, 100% New Box.', '', '2005-04-20 09:17:44', '');
INSERT INTO sanpham VALUES('73', '116', 'VGN-S170I', 'SONY_xachtay/sony_s170.jpg', '', '', '1', '12', '1699', '0', '', 'Intel P M 705&nbsp; Centrino 1.5GHz, 2 MB cache, 256MB DDR, 40GB HDD, 32MB, 13.3\" XGA TFT , DVD/CDRW Combo , 56Kbps Modem V.92, Ethernet 10/100Base-TX, Wireless b,g, I-Link1394, weight: 1.8kg. 100% New, Box', '', '2005-04-20 09:23:12', '');
INSERT INTO sanpham VALUES('74', '116', 'PCG-GRT360ZG', 'SONY_xachtay/GRT360.jpg', '', '', '1', '12', '1899', 'on', '', 'Intel Pentium IV 3.06, 512MB DDRAM, 80GB HDD, 32MB VGA AGP, 16.1\" XGA TFT XBrite LCD Display, DVDRW/CDRW - G Pocket TV, 56Kbps Modem V.92, Ethernet 10/100Base-TX, Wireless, Weight: 2.6kg, <BR>100% New Box.', '', '2005-04-20 09:25:09', '');
INSERT INTO sanpham VALUES('75', '118', 'TECRA S2 ', '', '', '', '1', '12', '1', 'off', '', '<P>Centrino Pentium M 740 1.73GHz, 2MB cache, 60GB Hard disk, 512MB DDRam, 64MB Geforce Nvidia 6600 Go VGA, 15&rsquo;&rsquo; TFT (1400*1050) display, DVD/ CDRW Combo, Fax Modem 56k, 10/100 Ethernet base, Wireless b,g, Weight: 2.6Kg, Window XP Professional. Có cổng Com</P>', '', '2005-04-22 11:30:32', '');
INSERT INTO sanpham VALUES('77', '118', 'TECRA A3-S611', '', '', '', '1', '12', '1', 'off', '', '<P>Centrino Mobile Pentium M 730 1.6GHz, 2MB cache, 40GB Hard disk, 256MB DDRam, 15.1&rsquo;&rsquo; TFT(1024*768) display, DVD/CDRW Combo, SD card slot, 64MB VGA shared, Fax modem 56K, 10/100 Ethernet Base, weight: 2.4kg.</P>', '', '2005-04-22 11:32:22', '');
INSERT INTO sanpham VALUES('78', '118', 'SATELLITE A75-S229', '', '', '', '1', '12', '1', 'off', '', '<P>Pentium 4 3.2GHz, 80GB Hard disk, 512MB DDRam, 64MB VGA shared, 15.4’’ XGA TFT display, DVDRW/CDRW, Fax Modem 56K, 10/100 Ethernet Base, Weight: 3kg.100%New Box, Warranty 12 months&nbsp;</P>', '', '2005-04-22 11:33:17', '');
INSERT INTO sanpham VALUES('79', '118', 'M35X-S349 ', '', '', '', '0', '12', '0', 'off', '', '<P>Centrino Pentium&nbsp;M 725 1.7GHz, 2MB cache, 80GB HDD, 512MB DDRam, 64MB VGA AGP shared, 15.4&rsquo;&rsquo; Wide XGA TFT display, DVDRW/CDRW Combo, Fax Modem 56K, Ethernet 10/100&nbsp;Base,Wireless Lan, Weight: 2.2kg&nbsp;</P>\r\n<P>100% Brand New, Box, Warranty 01 year.</P>', '', '2005-04-22 11:33:45', '');
INSERT INTO sanpham VALUES('80', '118', 'M35X-S349 : ', 'TINTUC/02232529_179_134[1]-to.jpg', 'TL/pdfPLUSg.pdf', '', '1', '12', '1', 'on', '', '<P>Centrino Pentium&nbsp;M 725 1.7GHz, 2MB cache, 80GB HDD, 512MB DDRam, 64MB VGA AGP shared, 15.4’’ Wide XGA TFT display, DVDRW/CDRW Combo, Fax Modem 56K, Ethernet 10/100&nbsp;Base,Wireless Lan, Weight: 2.2kg&nbsp;</P>\r\n<P>100% Brand New, Box, Warranty 01 year</P>', '', '2005-04-22 11:34:31', '');
INSERT INTO sanpham VALUES('81', '117', 'LIFEBOOK P SERIES ', '', '', '', '1', '3', '950', 'off', '', '<P>Transmeta TM 5800 800MHz, 30GB Hard disk, 240MB DDRam, 8MB VGA, 8.9&rsquo;&rsquo; TFT display, Fax modem 56K, Ethernet 10/100 Base, Weight: 2.6kg.</P>\r\n<P>New 97%, warranty 03 months</P>', '', '2005-04-22 11:36:09', '');
INSERT INTO sanpham VALUES('82', '117', 'FMV-NB75K ', '', '', '', '1', '12', '1', 'off', '', '<P>Centrino&nbsp;PM735&nbsp;1.7GHz, 512MB DDRAM, 100GB HDD, 64MB VGA Share, 15.1\" Plasma&nbsp;XGA TFT LCD Display, DVDRW/CDRW Multi, 56Kbps Modem V.92, Ethernet 10/100Base Wiless b,g, weight: 3kg</P>', '', '2005-04-22 11:36:57', '');
INSERT INTO sanpham VALUES('83', '117', 'BIBLO NB75G ', '', '', '', '1', '12', '1', 'off', '', '<P>Mobile Pentium&nbsp;M 1.5GHz, 1024KB L2 Cache, 512MB DDRAM, 80GB HDD,&nbsp;FDD, 64MB VGA Share, 15.1\" XGA TFT LCD Display Plasma, DVD-RW/CD-RW Combo multiRecorder, 56Kbps V.92 Modem, Ethernet 10/100Base, Wireless, Infrared, Weight: 3kg.</P>', '', '2005-04-22 11:37:46', '');
INSERT INTO sanpham VALUES('84', '115', 'HITACHI PRIUS ', '', '', '', '1', '3', '1', 'off', '', '<P>Intel&nbsp;Pentium&nbsp;M 1.7GHz,&nbsp;512MB SDRAM, 40GB HDD, 64MB VGA Memory Share, 15.1\"&nbsp;TFT LCD Display Plasma, DVD/CDRW Combo, 56Kbps Modem, Wireless Lan,&nbsp;Ethernet 10/100Base-TX,&nbsp;weight: 2.2kg </P>\r\n<P>99% New, No Box, Bảo hành&nbsp;03 tháng&nbsp;</P>', '', '2005-04-22 11:39:17', '');
INSERT INTO sanpham VALUES('85', '115', 'PRIUS ', '', '', '', '1', '3', '950', 'off', '', '<P>Intel&nbsp;Celeron&nbsp;M 1.2GHz,&nbsp;512MB DDRAM, 40GB HDD, 64MB VGA Memory Share, 15.1\"&nbsp;TFT LCD Display Plasma, DVD/CDRW Combo, 56Kbps Modem, Ethernet 10/100Base-TX,&nbsp;weight: 2.2kg</P>\r\n<P>99% New, No Box, Bảo hành&nbsp;03 tháng&nbsp;</P>', '', '2005-04-22 11:40:01', '');
INSERT INTO sanpham VALUES('86', '131', 'AFICIO – 220 :', '', '', '', '1', '24', '3', 'off', '', '<P><SPAN style=\"FONT-SIZE: 10pt; FONT-FAMILY: Arial; mso-fareast-font-family: ’Times New Roman’; mso-ansi-language: EN-US; mso-fareast-language: EN-US; mso-bidi-language: AR-SA\"><SPAN style=\"FONT-SIZE: 10pt; FONT-FAMILY: Arial; mso-fareast-font-family: ’Times New Roman’; mso-ansi-language: EN-US; mso-fareast-language: EN-US; mso-bidi-language: AR-SA\"><SPAN style=\"FONT-SIZE: 10pt; FONT-FAMILY: Arial; mso-fareast-font-family: ’Times New Roman’; mso-ansi-language: EN-US; mso-fareast-language: EN-US; mso-bidi-language: AR-SA\">22cpm A4 size, 62kg </SPAN></SPAN></SPAN></P>\r\n<P><SPAN style=\"FONT-SIZE: 10pt; FONT-FAMILY: Arial; mso-fareast-font-family: ’Times New Roman’; mso-ansi-language: EN-US; mso-fareast-language: EN-US; mso-bidi-language: AR-SA\"><SPAN style=\"FONT-SIZE: 10pt; FONT-FAMILY: Arial; mso-fareast-font-family: ’Times New Roman’; mso-ansi-language: EN-US; mso-fareast-language: EN-US; mso-bidi-language: AR-SA\"><SPAN style=\"FONT-SIZE: 10pt; FONT-FAMILY: Arial; mso-fareast-font-family: ’Times New Roman’; mso-ansi-language: EN-US; mso-fareast-language: EN-US; mso-bidi-language: AR-SA\">*01 mực, 01 từ<BR>Bảo hành 60.000cps/02Year</SPAN></SPAN></SPAN></P>', '', '2005-04-22 13:22:03', 'TL/cuong.doc');
INSERT INTO sanpham VALUES('91', '130', 'EP-4000 ', '', '', '', '1', '18', '3', 'off', '', '<P><BR>(A5-A3 size)</P>\r\n<P>40cpm A4 size</P>\r\n<P>*01 mực, 01 từ</P>\r\n<P>Bảo hành 200.000cps/18 Months<BR>&nbsp; $3,960&nbsp; </P>', '', '2005-04-22 13:34:03', '');
INSERT INTO sanpham VALUES('87', '131', 'AFICIO – 1018', '', '', '', '1', '24', '2', 'off', '', '<P class=MsoNormal style=\"MARGIN: 0cm 0cm 0pt\"><SPAN style=\"FONT-SIZE: 10pt; FONT-FAMILY: Arial; mso-fareast-font-family: &rsquo;Times New Roman&rsquo;; mso-ansi-language: EN-US; mso-fareast-language: EN-US; mso-bidi-language: AR-SA\">18cpm A4 size, 42kg</SPAN></P>\r\n<P class=MsoNormal style=\"MARGIN: 0cm 0cm 0pt\"><SPAN style=\"FONT-SIZE: 10pt; FONT-FAMILY: Arial; mso-fareast-font-family: &rsquo;Times New Roman&rsquo;; mso-ansi-language: EN-US; mso-fareast-language: EN-US; mso-bidi-language: AR-SA\"><SPAN lang=FR style=\"FONT-SIZE: 10pt; FONT-FAMILY: Arial; mso-fareast-font-family: &rsquo;Times New Roman&rsquo;; mso-ansi-language: FR; mso-fareast-language: EN-US; mso-bidi-language: AR-SA\">*01 mực, 01 từ</SPAN></SPAN></P>\r\n<P class=MsoNormal style=\"MARGIN: 0cm 0cm 0pt\"><SPAN style=\"FONT-SIZE: 10pt; FONT-FAMILY: Arial; mso-fareast-font-family: &rsquo;Times New Roman&rsquo;; mso-ansi-language: EN-US; mso-fareast-language: EN-US; mso-bidi-language: AR-SA\"><SPAN lang=FR style=\"FONT-SIZE: 10pt; FONT-FAMILY: Arial; mso-fareast-font-family: &rsquo;Times New Roman&rsquo;; mso-ansi-language: FR; mso-fareast-language: EN-US; mso-bidi-language: AR-SA\"><SPAN style=\"FONT-SIZE: 10pt; FONT-FAMILY: Arial; mso-fareast-font-family: &rsquo;Times New Roman&rsquo;; mso-ansi-language: EN-US; mso-fareast-language: EN-US; mso-bidi-language: AR-SA\"><SPAN style=\"FONT-SIZE: 10pt; FONT-FAMILY: Arial; mso-fareast-font-family: &rsquo;Times New Roman&rsquo;; mso-ansi-language: EN-US; mso-fareast-language: EN-US; mso-bidi-language: AR-SA\">Bảo hành <SPAN style=\"FONT-SIZE: 10pt; FONT-FAMILY: Arial; mso-fareast-font-family: &rsquo;Times New Roman&rsquo;; mso-ansi-language: EN-US; mso-fareast-language: EN-US; mso-bidi-language: AR-SA\">60.000cps/02Year</SPAN></SPAN></SPAN></SPAN></SPAN></P>', '', '2005-04-22 13:23:55', '');
INSERT INTO sanpham VALUES('88', '131', 'AFICIO – 1015 : ', '', '', '', '1', '24', '1', 'off', '', '<P class=MsoNormal style=\"MARGIN: 0cm 0cm 0pt\"><SPAN style=\"FONT-SIZE: 10pt; FONT-FAMILY: Arial\">(A3 size)</SPAN></P>\r\n<P class=MsoNormal style=\"MARGIN: 0cm 0cm 0pt\"><SPAN style=\"FONT-SIZE: 10pt; FONT-FAMILY: Arial\"></SPAN><SPAN style=\"FONT-SIZE: 10pt; FONT-FAMILY: Arial; mso-fareast-font-family: &rsquo;Times New Roman&rsquo;; mso-ansi-language: EN-US; mso-fareast-language: EN-US; mso-bidi-language: AR-SA\">15cpm A4 size, 35kg</SPAN></P>\r\n<P class=MsoNormal style=\"MARGIN: 0cm 0cm 0pt\"><SPAN style=\"FONT-SIZE: 10pt; FONT-FAMILY: Arial; mso-fareast-font-family: &rsquo;Times New Roman&rsquo;; mso-ansi-language: EN-US; mso-fareast-language: EN-US; mso-bidi-language: AR-SA\"><SPAN lang=FR style=\"FONT-SIZE: 10pt; FONT-FAMILY: Arial; mso-fareast-font-family: &rsquo;Times New Roman&rsquo;; mso-ansi-language: FR; mso-fareast-language: EN-US; mso-bidi-language: AR-SA\">*01 mực, 01 từ</SPAN></SPAN></P>\r\n<P class=MsoNormal style=\"MARGIN: 0cm 0cm 0pt\"><SPAN style=\"FONT-SIZE: 10pt; FONT-FAMILY: Arial; mso-fareast-font-family: &rsquo;Times New Roman&rsquo;; mso-ansi-language: EN-US; mso-fareast-language: EN-US; mso-bidi-language: AR-SA\"><SPAN lang=FR style=\"FONT-SIZE: 10pt; FONT-FAMILY: Arial; mso-fareast-font-family: &rsquo;Times New Roman&rsquo;; mso-ansi-language: FR; mso-fareast-language: EN-US; mso-bidi-language: AR-SA\"><SPAN style=\"FONT-SIZE: 10pt; FONT-FAMILY: Arial; mso-fareast-font-family: &rsquo;Times New Roman&rsquo;; mso-ansi-language: EN-US; mso-fareast-language: EN-US; mso-bidi-language: AR-SA\"><SPAN style=\"FONT-SIZE: 10pt; FONT-FAMILY: Arial; mso-fareast-font-family: &rsquo;Times New Roman&rsquo;; mso-ansi-language: EN-US; mso-fareast-language: EN-US; mso-bidi-language: AR-SA\">Bảo hành <SPAN style=\"FONT-SIZE: 10pt; FONT-FAMILY: Arial; mso-fareast-font-family: &rsquo;Times New Roman&rsquo;; mso-ansi-language: EN-US; mso-fareast-language: EN-US; mso-bidi-language: AR-SA\">60.000cps/02Year</SPAN></SPAN></SPAN></SPAN></SPAN></P>', '', '2005-04-22 13:24:44', '');
INSERT INTO sanpham VALUES('89', '131', 'AFICIO – 1013 : ', 'mayvanphong/b.jpg', '', '', '1', '24', '1', 'off', '', '<P class=MsoNormal style=\"MARGIN: 0cm 0cm 0pt\"><SPAN style=\"FONT-SIZE: 10pt; FONT-FAMILY: Arial\">(A4 size)</SPAN></P>\r\n<P class=MsoNormal style=\"MARGIN: 0cm 0cm 0pt\"><SPAN style=\"FONT-SIZE: 10pt; FONT-FAMILY: Arial\"></SPAN><SPAN style=\"FONT-SIZE: 10pt; FONT-FAMILY: Arial; mso-fareast-font-family: ’Times New Roman’; mso-ansi-language: EN-US; mso-fareast-language: EN-US; mso-bidi-language: AR-SA\">13cpm A4 size</SPAN></P>\r\n<P class=MsoNormal style=\"MARGIN: 0cm 0cm 0pt\"><SPAN style=\"FONT-SIZE: 10pt; FONT-FAMILY: Arial; mso-fareast-font-family: ’Times New Roman’; mso-ansi-language: EN-US; mso-fareast-language: EN-US; mso-bidi-language: AR-SA\"><SPAN lang=FR style=\"FONT-SIZE: 10pt; FONT-FAMILY: Arial; mso-fareast-font-family: ’Times New Roman’; mso-ansi-language: FR; mso-fareast-language: EN-US; mso-bidi-language: AR-SA\">*01 mực, 01 từ</SPAN></SPAN></P>\r\n<P class=MsoNormal style=\"MARGIN: 0cm 0cm 0pt\"><SPAN style=\"FONT-SIZE: 10pt; FONT-FAMILY: Arial; mso-fareast-font-family: ’Times New Roman’; mso-ansi-language: EN-US; mso-fareast-language: EN-US; mso-bidi-language: AR-SA\"><SPAN lang=FR style=\"FONT-SIZE: 10pt; FONT-FAMILY: Arial; mso-fareast-font-family: ’Times New Roman’; mso-ansi-language: FR; mso-fareast-language: EN-US; mso-bidi-language: AR-SA\"><SPAN style=\"FONT-SIZE: 10pt; FONT-FAMILY: Arial; mso-fareast-font-family: ’Times New Roman’; mso-ansi-language: EN-US; mso-fareast-language: EN-US; mso-bidi-language: AR-SA\"><SPAN style=\"FONT-SIZE: 10pt; FONT-FAMILY: Arial; mso-fareast-font-family: ’Times New Roman’; mso-ansi-language: EN-US; mso-fareast-language: EN-US; mso-bidi-language: AR-SA\">Bảo hành <SPAN style=\"FONT-SIZE: 10pt; FONT-FAMILY: Arial; mso-fareast-font-family: ’Times New Roman’; mso-ansi-language: EN-US; mso-fareast-language: EN-US; mso-bidi-language: AR-SA\">25.000cps/02Year</SPAN></SPAN></SPAN></SPAN></SPAN></P>', '', '2005-04-22 13:25:32', '');
INSERT INTO sanpham VALUES('106', '136', 'AP', 'mayvanphong/b.jpg', '', '', '1', '12', '132', 'on', '', 'Centrino Pentium&nbsp;M 725 1.7GHz, 2MB cache, 80GB HDD, 512MB DDRam, 64MB VGA AGP shared, 15.4’’ Wide XGA TFT display, DVDRW/CDRW Combo, Fax Modem 56K, Ethernet 10/100&nbsp;Base,Wireless Lan, Weight: 2.2kg&nbsp; \r\n<P></P></SPAN>100% Brand New, Box, Warranty 01 year', '', '2005-11-26 09:55:33', '');
INSERT INTO sanpham VALUES('90', '131', 'FT – 7950 ', 'mayvanphong/a.jpg', '', '', '1', '24', '7', 'off', '', '<P class=MsoNormal style=\"MARGIN: 0cm 0cm 0pt\" align=left><SPAN style=\"FONT-SIZE: 10pt; FONT-FAMILY: Arial\">( A3 size)</SPAN></P>\r\n<P class=MsoNormal style=\"MARGIN: 0cm 0cm 0pt\" align=left><SPAN style=\"FONT-SIZE: 10pt; FONT-FAMILY: Arial\"></SPAN><SPAN style=\"FONT-SIZE: 10pt; FONT-FAMILY: Arial; mso-fareast-font-family: ’Times New Roman’; mso-ansi-language: EN-US; mso-fareast-language: EN-US; mso-bidi-language: AR-SA\">51cpm A4 size, 175kg</SPAN></P>\r\n<P class=MsoNormal style=\"MARGIN: 0cm 0cm 0pt\" align=left><SPAN style=\"FONT-SIZE: 10pt; FONT-FAMILY: Arial; mso-fareast-font-family: ’Times New Roman’; mso-ansi-language: EN-US; mso-fareast-language: EN-US; mso-bidi-language: AR-SA\"><SPAN lang=FR style=\"FONT-SIZE: 10pt; FONT-FAMILY: Arial; mso-fareast-font-family: ’Times New Roman’; mso-ansi-language: FR; mso-fareast-language: EN-US; mso-bidi-language: AR-SA\">*01 mực, 01 từ</SPAN></SPAN></P>\r\n<P class=MsoNormal style=\"MARGIN: 0cm 0cm 0pt\" align=left><SPAN style=\"FONT-SIZE: 10pt; FONT-FAMILY: Arial; mso-fareast-font-family: ’Times New Roman’; mso-ansi-language: EN-US; mso-fareast-language: EN-US; mso-bidi-language: AR-SA\"><SPAN lang=FR style=\"FONT-SIZE: 10pt; FONT-FAMILY: Arial; mso-fareast-font-family: ’Times New Roman’; mso-ansi-language: FR; mso-fareast-language: EN-US; mso-bidi-language: AR-SA\"><SPAN style=\"FONT-SIZE: 10pt; FONT-FAMILY: Arial; mso-fareast-font-family: ’Times New Roman’; mso-ansi-language: EN-US; mso-fareast-language: EN-US; mso-bidi-language: AR-SA\"><SPAN style=\"FONT-SIZE: 10pt; FONT-FAMILY: Arial; mso-fareast-font-family: ’Times New Roman’; mso-ansi-language: EN-US; mso-fareast-language: EN-US; mso-bidi-language: AR-SA\">Bảo hành <SPAN style=\"FONT-SIZE: 10pt; FONT-FAMILY: Arial; mso-fareast-font-family: ’Times New Roman’; mso-ansi-language: EN-US; mso-fareast-language: EN-US; mso-bidi-language: AR-SA\">100.000cps/02Year</SPAN></SPAN></SPAN></SPAN></SPAN></P>', '', '2005-04-22 13:28:12', '');
INSERT INTO sanpham VALUES('92', '130', 'EP-3000', '', '', '', '1', '18', '2', 'off', '', '<P><BR>(A5-A3 size)</P>\r\n<P>30cpm A4 size, 70Kg</P>\r\n<P>*01 mực, 01 từ</P>\r\n<P>Bảo hành 200.000cps/18 Months<BR>&nbsp; $2,090</P>', '', '2005-04-22 13:34:52', '');
INSERT INTO sanpham VALUES('93', '130', 'EP-2030', '', '', '', '1', '18', '1', 'off', '', '<P>(A5-A3 size)</P>\r\n<P>23cpm A4 size, 57Kg</P>\r\n<P>*01 mực, 01 từ</P>\r\n<P>Bảo hành 200.000cps/18 Months<BR>&nbsp; $1,760</P>', '', '2005-04-22 13:35:40', '');
INSERT INTO sanpham VALUES('94', '130', 'EP-1085 ', '', '', '', '1', '18', '1', 'off', '', '<P><BR>(A5-A3 size)</P>\r\n<P>18cpm A4 size, 50Kg</P>\r\n<P>*01 mực, 01 từ</P>\r\n<P>Bảo hành 200.000cps/18 Months<BR>&nbsp; $1,553 </P>', '', '2005-04-22 13:36:27', '');
INSERT INTO sanpham VALUES('95', '130', 'EP-1054 ', '', '', '', '1', '18', '1', 'off', '', '<P>(A5-A3 size)</P>\r\n<P>15cpm A4 size, 50Kg</P>\r\n<P>*01 mực, 01 từ</P>\r\n<P>Bảo hành 200.000cps/18 Months</P>', '', '2005-04-22 13:37:11', '');
INSERT INTO sanpham VALUES('96', '140', 'infun', 'tintuc/A0504_HT_80.jpg', '', '', '1', '12', '42', 'off', '', 'Centrino Pentium&nbsp;M 725 1.7GHz, 2MB cache, 80GB HDD, 512MB DDRam, 64MB VGA AGP shared, 15.4’’ Wide XGA TFT display, DVDRW/CDRW Combo, Fax Modem 56K, Ethernet 10/100&nbsp;Base,Wireless Lan, Weight: 2.2kg&nbsp; \r\n<P></P></SPAN>100% Brand New, Box, Warranty 01 year', '', '2005-11-26 09:59:22', '');
INSERT INTO sanpham VALUES('102', '119', 'may dong a', 'IBMdeban/A30.JPG', '', 'http://www.quantum.com/ServiceandSupport/ContactServiceandSupport/Index.aspx', '1', '12', '46456', 'on', '', 'hang dep mau ma tot', '', '2005-11-21 13:56:59', '');
INSERT INTO sanpham VALUES('103', '123', 'hp computer', 'hp/PC_COM2.JPG', '', '', '1', '12', '1212', 'off', '', 'Centrino Pentium&nbsp;M 725 1.7GHz, 2MB cache, 80GB HDD, 512MB DDRam, 64MB VGA AGP shared, 15.4’’ Wide XGA TFT display, DVDRW/CDRW Combo, Fax Modem 56K, Ethernet 10/100&nbsp;Base,Wireless Lan, Weight: 2.2kg&nbsp; \r\n<P></P></SPAN>100% Brand New, Box, Warranty 01 year', '', '2005-11-26 09:42:17', '');
INSERT INTO sanpham VALUES('104', '126', 'ICMS', 'tintuc/Alienware1.jpg', '', '', '1', '24', '1212', 'off', '', 'Centrino Pentium&nbsp;M 725 1.7GHz, 2MB cache, 80GB HDD, 512MB DDRam, 64MB VGA AGP shared, 15.4’’ Wide XGA TFT display, DVDRW/CDRW Combo, Fax Modem 56K, Ethernet 10/100&nbsp;Base,Wireless Lan, Weight: 2.2kg&nbsp; \r\n<P></P></SPAN>100% Brand New, Box, Warranty 01 year', '', '2005-11-26 09:44:27', '');
INSERT INTO sanpham VALUES('105', '126', 'VDC', 'compaq_xachtay/hp-compaq-nx5000_190x170.jpg', '', '', '1', '12', '6515', 'off', '', 'Centrino Pentium&nbsp;M 725 1.7GHz, 2MB cache, 80GB HDD, 512MB DDRam, 64MB VGA AGP shared, 15.4’’ Wide XGA TFT display, DVDRW/CDRW Combo, Fax Modem 56K, Ethernet 10/100&nbsp;Base,Wireless Lan, Weight: 2.2kg&nbsp; \r\n<P></P></SPAN>100% Brand New, Box, Warranty 01 year', '', '2005-11-26 09:45:14', '');
INSERT INTO sanpham VALUES('107', '136', 'ATX', 'tintuc/A0504_HT_80.jpg', '', '', '1', '12', '231', 'off', '', 'Centrino Pentium&nbsp;M 725 1.7GHz, 2MB cache, 80GB HDD, 512MB DDRam, 64MB VGA AGP shared, 15.4’’ Wide XGA TFT display, DVDRW/CDRW Combo, Fax Modem 56K, Ethernet 10/100&nbsp;Base,Wireless Lan, Weight: 2.2kg&nbsp; \r\n<P></P></SPAN>100% Brand New, Box, Warranty 01 year', '', '2005-11-26 09:56:05', '');
INSERT INTO sanpham VALUES('108', '140', 'CANON', 'mayvanphong/c.jpg', '', '', '0', '12', '1231', 'off', '', 'Centrino Pentium&nbsp;M 725 1.7GHz, 2MB cache, 80GB HDD, 512MB DDRam, 64MB VGA AGP shared, 15.4’’ Wide XGA TFT display, DVDRW/CDRW Combo, Fax Modem 56K, Ethernet 10/100&nbsp;Base,Wireless Lan, Weight: 2.2kg&nbsp; \r\n<P></P></SPAN>100% Brand New, Box, Warranty 01 year', '', '2005-10-28 12:03:05', '');
INSERT INTO sanpham VALUES('109', '186', 'TOSHIBA', 'mayvanphong/c1.jpg', '', '', '0', '12', '123', 'off', '', 'Centrino Pentium&nbsp;M 725 1.7GHz, 2MB cache, 80GB HDD, 512MB DDRam, 64MB VGA AGP shared, 15.4’’ Wide XGA TFT display, DVDRW/CDRW Combo, Fax Modem 56K, Ethernet 10/100&nbsp;Base,Wireless Lan, Weight: 2.2kg&nbsp; \r\n<P></P></SPAN>100% Brand New, Box, Warranty 01 year', '', '2005-11-26 10:01:56', '');
INSERT INTO sanpham VALUES('110', '186', 'TOSHIBA', 'mayvanphong/d.jpg', '', '', '0', '12', '233', 'off', '', '<DIV align=center><A onmouseup=\"MM_openBrWindow(&rsquo;product_detail.php?product_id=232&rsquo;,&rsquo;&rsquo;,&rsquo;scrollbars=yes,resizable=yes,width=550,height=460&rsquo;)\" class=link1 href=\"#\"></DIV></A>', '', '2005-11-26 10:03:48', '');
INSERT INTO sanpham VALUES('111', '143', 'SONY', 'camera/a.jpg', '', '', '0', '21', '23123', 'on', '', '', '', '2005-11-26 10:07:40', '');
INSERT INTO sanpham VALUES('112', '143', 'SONY', 'camera/S.jpg', '', '', '0', '12', '123', 'off', '', '', '', '2005-11-26 10:09:30', '');
INSERT INTO sanpham VALUES('113', '152', 'SONY', 'camera/So.jpg', '', '', '1', '24', '231', 'off', '', '', '', '2005-11-26 10:11:44', '');
INSERT INTO sanpham VALUES('114', '152', 'SONY', 'camera/Sony.jpg', '', '', '1', '12', '123', 'off', '', '', '', '2005-11-26 10:12:06', '');
INSERT INTO sanpham VALUES('115', '181', 'MP3', 'camera/MP4_Players.jpg', '', '', '1', '12', '23123', 'off', '', '', '', '2005-11-26 10:21:35', '');
INSERT INTO sanpham VALUES('116', '181', 'MP4', 'camera/MP4PLAYER1.jpg', '', '', '0', '12', '2132', 'on', '', '', '', '2005-11-26 10:39:42', '');
INSERT INTO sanpham VALUES('117', '180', 'PDA', 'camera/O2.jpg', '', '', '1', '12', '233', 'on', '', '', '', '2005-11-26 10:43:17', '');
INSERT INTO sanpham VALUES('118', '180', 'PDA', 'camera/UX50.jpg', '', '', '1', '12', '123', 'on', '', '', '', '2005-11-26 10:44:01', '');



DROP TABLE IF EXISTS thongtinkhachhang;
CREATE TABLE thongtinkhachhang (
   id int(11) NOT NULL auto_increment,
   sess text,
   hoten text,
   diachi text,
   datnuoc text,
   dienthoai text,
   fax text,
   email text,
   tieude text,
   noidung text,
   capnhat datetime,
   xacthuc int(11),
   danhan int(11),
   PRIMARY KEY (id)
);

INSERT INTO thongtinkhachhang VALUES('8', 'a8f15eda80c50adb0e71943adc8015cf', 'huy', 'hanoi', 'Vietnam', '34235', '21049', 'huy@yahoo.com', 'mua may tinh', 'mua may tinh sach tay', '2005-11-30 16:37:12', '1', '1');
INSERT INTO thongtinkhachhang VALUES('7', '7ef605fc8dba5425d6965fbd4c8fbe1f', 'vu thanh thanh', 'ha noi', 'Vietnam', '12435', '35783829', 'vuthanhson@yahoo.com', 'mua hang', 'mau may tinh', '2005-11-30 15:48:45', '1', '1');
INSERT INTO thongtinkhachhang VALUES('6', '093f65e080a295f8076b1c5722a46aa2', 'dang kim cuong', '136', 'Vietnam', '045541060', '', 'cuongdk6@yahoo.com', 'mua hang', 'gui qua bieu dien\r\n', '2005-09-13 19:32:26', '1', '1');



DROP TABLE IF EXISTS tinbai;
CREATE TABLE tinbai (
   id_tin int(11) NOT NULL auto_increment,
   id_parent int(11),
   tieude text,
   keyword text,
   anhtrichdan text,
   trichdan text,
   noidung longblob,
   capnhat datetime,
   kiemduyet int(11),
   tieudiem int(11),
   gio_hienthi datetime,
   PRIMARY KEY (id_tin)
);

INSERT INTO tinbai VALUES('176', '84', 'Nâng cấp cấu hình máy tính G6 và Thánh Gióng', '', 'TINTUC/mua-may.jpg', 'Các nhà cung cấp PC giá ưu đãi bước vào giai đoạn kinh doanh mới bằng việc tăng cường tốc độ cho các dòng máy \"bình dân\". Sau hơn nửa năm tung sản phẩm ra thị trường, đại diện hai liên minh đều đánh giá chương trình của họ đã thành công.', '<P>Theo ông Nguyễn Minh Huyên, Trưởng phòng marketing Công ty CMS, thành viên liên minh Thánh Gióng, việc ra đời PC Thánh Gióng là sự tất yếu của thị trường máy tính nói chung. \"Đó là xu thế mà nhà sản xuất bắt buộc phải thiết kế ra những sản phẩm theo đúng nhu cầu của từng đối tượng khác nhau và Thánh Gióng chỉ là bước đi đầu tiên. Thống kê số lượng tiêu thụ PC Thánh Gióng CMS tính đến giữa tháng 3 là xấp xỉ 13.000 chiếc. Tôi cho rằng chương trình của chúng tôi đã thành công\", ông Huyên nhận định.</P>\r\n<P>Tuy nhiên, Trưởng phòng marketing của CMS không tiết lộ gì nhiều về kế hoạch kinh doanh máy tính Thánh Gióng giai đoạn hai. \"Khả năng là chúng tôi sẽ tăng cường tốc độ cho các sản phẩm T500C và T500P nhưng mức giá chắc chắn sẽ không giảm. Việc có thêm cấu hình mới là hoàn toàn có thể\", ông Huyên đánh giá.</P>\r\n<P>Trong khi đó, FPT Elead, thành viên thứ hai trong liên minh Thánh Gióng, đã trình làng PC M603, một cấu hình máy tính Thánh Gióng mới và dự tính từ nay đến cuối năm, sẽ cung cấp cho thị trường khoảng 10.000 bộ.</P>\r\n<P>Nhanh chân hơn, từ trung tuần tháng tư, nhóm G6 đã tung ra thị trường loạt sản phẩm G6 đã được nâng cấp cấu hình với các mức giá vẫn giữ nguyên.</P>\r\n<P>Ông Trần Xuân Kiên, Giám đốc Công ty Trần Anh trong nhóm G6, khẳng định: \"Mục đích việc nâng cấp cấu hình của chúng tôi là nhằm tăng thêm sự hấp dẫn của máy G6 đối với các sản phẩm cạnh tranh trên thị trường. Tôi cho rằng sự thay đổi này sẽ đẩy lượng tiêu thụ PC G6 tăng khoảng 20%\".</P>\r\n<P>Theo ông Kiên, thời gian tới liên minh này sẽ nhắm đến các sản phẩm khác như notebook, máy chủ... \"Tôi cho rằng, máy tính giá rẻ sẽ tiếp tục phát triển với thị phần tăng nhanh chóng. Người dân sẽ muốn mua PC nguyên chiếc thay vì lựa chọn linh kiện để lắp gép, tất nhiên khi đó giá máy bộ phải thật hợp lý\", đại diện G6 nhận định.&nbsp; </P>\r\n<P>\r\n<TABLE cellSpacing=1 cellPadding=1 width=\"95%\" align=center bgColor=#f8f8f8 border=1>\r\n<TBODY>\r\n<TR>\r\n<TD>\r\n<P align=center><FONT size=2><STRONG>Sự thay đổi trên các cấu hình máy tính G6:</STRONG></FONT></P>\r\n<P><FONT size=2>Máy F10 và F11: thay CPU Celeron 1,8 GHz bằng Celeron 2,0 GHz, các mức giá không đổi.</FONT></P>\r\n<P><FONT size=2>Máy F12 và F13: thay DDRam 128 MB bằng DDRam 256 MB, giữ nguyên các mức giá.</FONT></P>\r\n<P><FONT size=2>Máy F15A: thay màn hình 15\" LCD bằng monitor 17\" LCD, không đổi giá.</FONT></P>\r\n<P><FONT size=2>Riêng cấu hình F14: nhà cung cấp quyết định đổi CPU Pentium IV 3, 0 GHz xuống Pentium IV 2,93 GHz và mức giá giảm xuống 600.000 đồng.</FONT></P></TD></TR></TBODY></TABLE></P>', '2005-04-18 15:35:31', '1', '0', '0000-00-00 00:00:00');
INSERT INTO tinbai VALUES('177', '84', 'Acer giảm giá máy tính cho sinh viên và giảng viên TP.HCM', '', 'TINTUC/images552839_Acer_2.jpg', 'Ngày 15/4, tại Trường ĐH Khoa học Tự Nhiên TP HCM, công ty máy tính Acer Việt Nam phối hợp với siêu thị máy tính Nguyễn Hoàng đã công bố chương trình Sở hữu máy tính Công nghệ cao Acer với giá hấp dẫn. Sinh viên và giảng viên các trường ĐH trên địa bàn TP HCM sẽ được hỗ trợ tiền mặt trở lại sau khi mua máy tính Acer.', '<P align=justify>Theo đó, sinh viên và giảng viên khi mua một máy tính để bàn SA20 có giá từ 399 USD đến 499 USD, tuỳ theo model, giáo viên hoặc sinh viên sẽ được hỗ trợ lại tiền mặt từ 20-30 USD. Và khi mua một máy tính xách tay TM2304 có giá 888 USD, giảng viên hoặc sinh viên sẽ được hỗ trợ khi lại tiền mặt là 88 USD.</P>\r\n<P align=justify>Các dòng máy tính để bàn và xách tay có các chức năng phù hợp với công việc học tập và giảng dạy của sinh viên, giảng viên. Bộ nhớ của máy tính để bàn SA20 có thể nâng cấp để sử dụng vào công việc sau khi ra trường (có thể nâng cấp bộ nhớ 128M lên đến 2 GB). </P>\r\n<P align=justify>Riêng đối với máy tính xách tay Acer, các dòng sẽ được giảm giá là TM2300, gồm máy tính loại TM 2304 và TM 2308. Loại máy này có hệ thống bảo vệ đĩa cứng, tránh mất dữ liệu khi máy bị va đập. Ngoài ra công nghệ Acer Crytal Brite có tính năng chống chói cũng sẽ giúp bảo vệ mắt người sử dụng.</P>\r\n<P align=justify>Tuy nhiên do số lượng máy có hạn (dự kiến chương trình này sẽ bán khoảng 5000 máy tính) nên mỗi sinh viên, giảng viên chỉ có thể mua một bộ. Sau khi mua máy tại siêu thị, sinh viên, giảng viên sẽ gửi lại bản sao CMND, bản sao thẻ sinh viên hoặc giấy giới thiệu khách hàng tại điểm phân phối máy tính Acer (211-213 Võ Văn Tần Q3) để được liên lạc nhận lại tiền.</P>', '2005-04-18 15:19:45', '1', '0', '0000-00-00 00:00:00');
INSERT INTO tinbai VALUES('188', '84', 'Intel Việt Nam ra mắt nền tảng máy chủ 64-bit ', '', 'TINTUC/images555591_xeonmp.jpg', 'Công ty Intel VN hôm nay (19/4) đã chính thức ra mắt hệ thống phần cứng trên nền tảng điện toán 64-bit với tên mã là Truland bao gồm: bộ xử lý Xeon MP 64-bit, chipset E8500t và năm bộ xử lý mới.', '<P>Các phần cứng nền tảng này để dành cho máy chủ 64-bit chạy 4 bộ xử lý hoặc nhiều hơn. Intel cho biết, hệ thống phần cứng này nhắm tới đối tượng khách hàng chính là các DN vừa và nhỏ. Giá bán cho bộ xử lý Xeon MP 64-bit tốc độ cao nhất 3,33 GHz với cache L3 8MB là 3.692 USD <EM>(Bảng giá cho đơn đặt hàng 1.000 đơn vị)</EM>. </P>\r\n<P>Xeon MP 3,33 GHz và bộ nhớ đệm cấp 3 (cache L3 8MB) khiến máy chủ sẽ vận hành với tốc độ và hiệu quả nhanh hơn khoảng 70% so với nền tảng phần cứng thế hệ trước. Chipset Intel E8500 có bus độc lập kép 667 MHz, được thiết kế với băng thông hệ thống 10,6GBs. Lần ra mắt này cũng này lần đầu tiên công ty Intel kết hợp cùng lúc các công nghệ: bộ nhớ mở rộng Intel Extended Memory 64 Technology, PCI Express, bộ nhớ mở rộng DDR2-400, Demand Based Switching. </P>\r\n<P>Nền tảng phần cứng 64 bit này của Intel sẽ có mặt trong các máy chủ của những hãng sau - theo xác nhận mới nhất của họ: Egenera, Dell, Fujitsu, Fujitsu Siemens, HCL Infosystems, HP, Hitachi, IBM, Kraftway, Langchao, Lenovo, NEC, Maxdata, Samsung, Stratus, Supermicro, Tyan, Toshiba, Unisys và Wipro. </P>\r\n<P>Ngoài ra, Intel cho biết cũng có kế hoạch đưa bộ xử lý&nbsp; Intel Xeon MP dành cho máy chủ nhỏ tới các nhà tích hợp sản phẩm và xây dựng hệ thống.</P>', '2005-04-19 17:04:48', '1', '0', '0000-00-00 00:00:00');
INSERT INTO tinbai VALUES('178', '84', '389 USD một bản Microsoft Office 2003 tiếng Việt', '', 'TINTUC/mi.jpg', '\"Giá ưu đãi sản phẩm Việt hóa với 4 ứng dụng gồm Word, Excel, Power point và Outlook áp dụng đối với ngành giáo dục đào tạo là 131 USD/bản\", Ông Christophe Desriac, Trưởng đại diện Microsoft VN, tuyên bố tại lễ ra mắt Windows XP và Office 2003 tiếng Việt diễn ra sáng nay tại Hà Nội.', '<P>Theo ông Christophe Desriac, hệ điều hành Windows XP tiếng Việt sẽ không được bán trực tiếp cho người tiêu dùng mà thông qua kênh phân phối là các nhà sản xuất computer. \"Công ty CMS và FPT Elead, hai đối tác hạng kim cương của Microsoft, là những đơn vị đầu tiên cài đặt các phiên bản tiếng Việt trên PC sử dụng hệ điều hành và chương trình tiếng Anh tương ứng. Tuy nhiên, người dùng cuối nếu đang sử dụng Windows XP có bản quyền thì cũng có thể tải bản Việt ngữ tại microsoft.com/vietnam\", người đứng đầu Microsoft Việt Nam, khẳng định.</P>\r\n<P>Từ tháng 4/2003, Microsoft đã phối hợp với Công ty eDT và VITEC để thực hiện Việt hóa các sản phẩm của hãng và hoàn tất vào ngày 31/3. Phiên bản tiếng Việt của hệ điều hành Windows XP và bộ phần mềm Office 2003 là một phần sáng kiến nhằm giúp người sử dụng máy tính tại các nước đang phát triển tiếp cận và ứng dụng các chương trình công nghệ thông tin dễ dàng hơn, nhờ giảm thiểu rào cản về ngôn ngữ. \"Vì được cài đặt thẳng trên sản phẩm tiếng Anh nên phiên bản tiếng Việt cung cấp mọi tính năng mà bản nguyên gốc đã có\", ông Christophe Desriac cho biết. </P>\r\n<P>Nhà sản xuất giải thích, lựa chọn Windows XP và Office 2003 để Việt hóa là vì đây là những chương trình mới, phổ cập nên khả năng để chuyển đổi ngôn ngữ dễ dàng hơn những sản phẩm cũ. \"Chúng tôi cũng chưa thể có những tính toán gì về mặt doanh thu đối với các chương trình này, vì không có trong tay nghiên cứu thị trường cụ thể\", đại diện Microsoft Việt Nam nói.</P>\r\n<P>Ngoài việc ra mắt sản phẩm Việt hóa, Microsoft cũng đang xúc tiến các chương trình thúc đẩy sự phát triển công nghệ thông tin của VN, như đưa các ứng dụng công nghệ thông tin vào nhà trường thông qua chương trình đối tác trong học tập, hỗ trợ các dự án tin học hóa hành chính nhà nước và chính phủ điện tử, tuyên truyền và đào tạo về sở hữu trí tuệ...</P>', '2005-04-18 15:14:52', '1', '0', '0000-00-00 00:00:00');
INSERT INTO tinbai VALUES('179', '84', 'Công nghệ X-Wave của LG', '', 'TINTUC/lg.jpg', 'Đây là công nghệ kết nối không dây cho phép tivi \"giao tiếp\" với nhiều thiết bị truyền thông số như máy cassette xách tay, dàn máy nghe nhạc, ampli, loa... một cách \"vô hình\" mà âm thanh vẫn sống động. Phát minh mới vừa được LG giới thiệu tại Việt Nam.', '<P class=Normal>Khi ứng dụng X-Wave vào tivi phẳng LG, bất cứ bộ thu phát tín hiệu FM nào như radio, dàn máy nghe nhạc mini hoặc thiết bị âm thanh trong gia đình đều có thể nhận và phát tín hiệu của máy truyền hình khi chúng dò cùng tần số. Người sử dụng có thể di chuyển đến bất cứ chỗ nào với thiết bị thu phát và với âm thanh rõ nét mà không hề làm phiền người xung quanh.</P>\r\n<P class=Normal>Ông Nak Kil Sung, Tổng giám đốc Công ty LG Việt Nam, cho biết: \"Công nghệ không dây vốn chỉ ứng dụng trong khu vực công sở và được xem là ’món hàng xa xỉ’ nhưng X-Wave là phương tiện dễ dàng lắp đặt và gần gũi hơn với khách hàng là cá nhân, gia đình\".</P>\r\n<P class=Normal>Theo người đứng đầu LG Việt Nam, với X-Wave người dùng có được rất nhiều tiện ích từ những kết nối không dây trong gia đình. \"Những tiện ích này chắc chắn sẽ là thứ phổ dụng trong tương lai. Như vậy, khi bạn mua một món đồ điện tử, như một chiếc tivi chẳng hạn, chính là bạn đã đặt một chân vào ngôi nhà thông minh\", ông Nak Kil Sung, khẳng định.</P>', '2005-04-18 15:16:58', '1', '0', '0000-00-00 00:00:00');
INSERT INTO tinbai VALUES('180', '84', 'Ổ cứng mini nhỏ nhất thế giới 0,85 inch ', '', 'TINTUC/images551467_hddmini.jpg', 'Toshiba vừa công bố kế hoạch tung ra loại đĩa cứng mini 0,85 inch nhưng có dung lượng lưu trữ tăng gấp đôi so với trước đây. Nó cũng được xem là loại đĩa cứng nhỏ nhất thế giới hiện nay', '<P class=pBody align=justify>Đĩa cứng 0,85 inch đường kính là loại đĩa cứng được xem là nhỏ nhất trong tất cả các loại đĩa cứng hiện có mặt trên thị trường. Đĩa cứng 0,85 inch đời đầu tiên đã được tung ra hồi đầu năm 2005 và có thể chứa đến 2GB dữ liệu. Midori Suzuki, nữ phát ngôn viên của Toshiba tại Tokyo cho biết công ty hiện đang chuẩn bị cho ra đời loại đĩa cứng mini 0,85 inch 2 lớp có thể chứa đến 4GB dữ liệu và sản phẩm này sẽ được tung ra đại trà vào khoảng tháng 6-2005.</P>\r\n<P class=pBody align=justify>Các loại đĩa cứng của Toshiba luôn tỏ ra vượt trội hơn sản phẩm của các đối thủ cạnh tranh về mặt kích thước và trọng lượng nhưng lại tỏ ra yếu thế về mặt dung lượng. Đối thủ dữ dằn nhất của Toshiba lại chính là người đồng hương Hitachi, hiện đang nắm giữ những công nghệ lưu trữ đột phá. </P>\r\n<P class=pBody align=justify>Toshiba không quá chú trọng đến kích thước và trọng lượng của đĩa cứng mà tập trung vào khả năng lưu trữ đến mức “thần sầu”, loại đĩa cứng mini của Hitachi có đường kính gấp đôi so với đĩa cứng mini của Toshiba nhưng dung lượng lưu trữ lại có thể đạt từ 40 đến 80GB, tức gấp từ 10 đến 20 lần loại đĩa cứng mini 0,85 inch của Toshiba nói trên.</P>', '2005-04-19 16:49:06', '1', '0', '0000-00-00 00:00:00');
INSERT INTO tinbai VALUES('187', '153', 'Tuyển nhân viên kinh doanh', '', '', 'Cần tuyển 1 nữ nhân viên phòng kinh doanh<BR>• Ngoại hình ưa nhìn<BR>• Có khả năng giao tiếp tốt<BR>• Giao tiếp tốt bằng tiếng anh <BR>• Tốt nghiệp ĐH trở lên&nbsp;&nbsp;&nbsp;&nbsp;&nbsp;&nbsp;&nbsp;&nbsp;', 'Cần tuyển 1 nữ nhân viên phòng kinh doanh<BR>• Ngoại hình ưa nhìn<BR>• Có khả năng giao tiếp tốt<BR>• Giao tiếp tốt bằng tiếng anh <BR>• Tốt nghiệp ĐH Có kinh nghiệm bán hàng máy vi tinh ,máy ảnh kỹ thuật số,pocket PC , máy notebook hoặc hiểu biết về tin học là một ưu thế', '2005-04-19 09:32:41', '1', '0', '0000-00-00 00:00:00');
INSERT INTO tinbai VALUES('189', '84', 'Một loạt máy tính dùng chip lõi kép được công bố', '', 'TINTUC/Alienware1.jpg', 'Một số hãng chế tạo PC trong đó có Dell, Alienware vào đầu tuần tới sẽ bắt đầu bán ra các sản phẩm dùng bộ xử lý lõi đôi do Intel sản xuất. Công ty chip số 1 thế giới dự kiến đến cuối năm 2006, 70% số bộ vi xử lý của server và 85% của máy để bàn và notebook sẽ là lõi kép.', '<P>Các chip Intel lõi kép có tốc độ 3,2 GHz (chậm hơn so với Pentium IV hiện hành) và có kênh dẫn bus đạt 800 MHz. Mỗi lõi có 1 MB bộ nhớ tạm thời cache, thấp hơn mức 2 MB của các chip lõi đơn. Tuy nhiên, Intel khẳng định công suất tổng thể của các sản phẩm mới tốt hơn so với những loại vi xử lý hiện hành.</P>\r\n<P>Dòng chip lõi kép mới cũng áp dụng công nghệ siêu phân luồng HyperThreading, cho phép các lõi thực hiện đồng thời nhiều tác vụ hơn. Một phiên bản chip Pentium IV Extreme Edition (có tên mã là Smithfield) của Intel không dùng HyperThreading sẽ ra mắt cuối quý này.</P>\r\n<P>Việc phát hành chip lõi kép của Intel được tiến hành trùng dịp kỷ niệm 40 năm ra đời định luật Moore (19/4), lý thuyết nổi tiếng về quá trình tăng gấp đôi số bóng bán dẫn (transistor) trên chip theo chu kỳ 2 năm.</P>\r\n<P>Trong khi đó, đối thủ AMD cũng có kế hoạch phát hành chip Opteron lõi kép cho server và máy trạm vào ngày 21/4. HP hiện đã đặt trước một số đơn hàng cho sản phẩm này. Giới quan sát bình luận AMD khó có thể làm hỏng “bữa đại tiệc” lần này của Intel. Vào năm 2000, Intel lặng lẽ rút ngắn thời hạn phát hành chip 1 GHz đầu tiên của họ từ tháng 6 xuống ngày 8/3. Sau khi tin này bung ra, AMD cũng đã lùi ngay ngày trình làng một sản phẩm tương tự xuống vài tháng để công bố vào 6/3, gây tiếng vang trước Intel.</P>', '2005-04-19 17:02:41', '1', '0', '0000-00-00 00:00:00');
INSERT INTO tinbai VALUES('190', '84', 'Samsung ra mắt loạt máy in mới tại Việt Nam', '', 'TINTUC/02232529_179_134[1]-to.jpg', 'Các model CLP 510, SCX - 4100, ML - 1610 và SPP - 2020/2040 là những dòng máy in laser đa dụng với các đặc tính: Giảm độ ồn, phù hợp nhiều không gian, photo tốc độ cao và tiết kiệm đáng kể mực in.', '<P>CLP 510 là máy in màu có độ ồn thấp nhất so với các máy in cùng loại (dưới 49 dB), nhờ ứng dụng công nghệ NO-NOISE. Máy có dung lượng 64 MB và có thể mở rộng tới 192 MB. Độ phân giải tối đa khi in lên tới 1.200 dpi với bất kỳ file và hệ điều hành nào của máy tính. CLP 510 cũng là dòng máy in laser màu duy nhất được cung cấp miễn phí bộ phận in kép bên trong, phục vụ cho nhu cầu in hai mặt giấy và hỗ trợ hệ điều hành Macintosh 10.3 nên chất lượng hình ảnh cao.</P>\r\n<P>Thích hợp với không gian gia đình và văn phòng nhỏ là SCX - 4100. Đây cũng là loại máy in đa năng nhỏ nhất thế giới hiện nay, với kích thước 422 x 400 x 239 mm, nặng 9,6kg. SCX - 4100, có thể scan màu và photocopy, tốc độ 14 trang một phút. Đặc biệt, nhờ tích hợp tính năng \"photocopy I.D\", SCX - 4100 cho phép ấn nút \"copy\" một lần, không cần đổi trang mà vẫn photo liên tục 2 mặt giấy. Máy có thiết kế màn hình LCD và phần mềm SmarThru4, giúp scan trực tiếp và truyền hình ảnh dễ dàng, nhanh chóng. </P>\r\n<P>Còn ML - 1610 lợi thế hơn so với các loại máy in cùng loại bởi khả năng in tới 16 trang/phút mà tiết kiệm được tới 40% lượng mực in, khi người sử dụng ấn phím chức năng \"toner saver\". Model này có thể in trên nhiều loại giấy khác nhau: phong bì, bưu thiếp, các nhãn mác và phim đèn chiếu... Máy có khay giấy 150 trang, bộ nhớ trong 2 MB và được hỗ trợ giao diện USB 1.1.</P>\r\n<P>SPP - 2020/2040 cho phép in và chỉnh sửa ảnh từ máy ảnh và máy quay phim kỹ thuật số, điện thoại di động có tính năng chụp ảnh mà không cần máy vi tính. SPP - 2020/2040 có thể tương thích với 7 loại thẻ nhớ khác nhau, download ảnh trực tiếp nhờ thông qua chuẩn PicBrigde và Bluetooth. Máy có chức năng điều chỉnh màu sắc tự động nên ngay cả khi in nhiều ảnh một lúc vẫn cho chất lượng cao. Ảnh in ra được phủ một lớp chống thấm nước và chống phai màu, không bị lưu dấu vân tay.</P>\r\n<P>Các sản phẩm trên sẽ được bán rộng rãi ở thị trường Việt Nam và có giá chính thức vào tháng 5 tới.</P>', '2005-04-18 15:38:01', '1', '0', '0000-00-00 00:00:00');
INSERT INTO tinbai VALUES('192', '84', 'Máy in ảnh Kodak EasyShare Printerdock Plus: Tiệm rửa ảnh ngay tại nhà', '', 'TINTUC/A0504_HT_80.jpg', 'Giương máy ảnh số hay điện thoại di động lên chụp rồi rửa ngay ra ảnh 10x15 cm chỉ trong chưa đầy 5 phút là điều hoàn toàn có thể nếu bạn có Kodak EasyShare Printer Dock Plus sẵn bên mình. Thiết kế dạng hộp gọn nhỏ như hộp cơm, gợi nhớ phong cách máy tính Apple với nhiều chi tiết được bo tròn, mạ bạc hiện đại. Lắp đặt dễ như trở bàn tay: bạn chỉ việc ráp ống mực, khay giấy, cuối cùng cắm điện là có thể “mở hàng”.', '<P>Thiết kế dạng hộp gọn nhỏ như hộp cơm, gợi nhớ phong cách máy tính Apple với nhiều chi tiết được bo tròn, mạ bạc hiện đại. Lắp đặt dễ như trở bàn tay: bạn chỉ việc ráp ống mực, khay giấy, cuối cùng cắm điện là có thể “mở hàng”.&nbsp;<BR>&nbsp;<BR><IMG height=160 alt=\"\" src=\"/gialong/TreeAdmin/EBIZeditor/filemanager/browse/sample_html/images/A0504_HT_80.jpg\" width=198 align=right border=0>Máy có thể nhận ảnh từ nhiều nguồn nhờ có đầy đủ giao tiếp USB, hồng ngoại, thẻ nhớ thông dụng và “đón đầu” hỗ trợ cả những phụ kiện kết nối Wi-Fi, bluetooth qua giao tiếp USB. Đặc biệt, nếu đang dùng máy ảnh số Kodak dòng EasyShare CX, DX 6000/7000, LS 600/700, bạn có thể đặt máy lên đế phía trên và dùng màn hình của máy để xem, chỉnh sửa, điều chỉnh thông số trước khi in; và tận dụng EasyShare Printer Dock Plus làm bộ sạc pin, xuất hình ra TV. Sau khi ảnh được truyền vào máy in, bạn hoàn toàn có thể nhấc máy ảnh ra khỏi đế và tiếp tục sáng tác. </P>\r\n<P>Ngoài lối rửa ảnh “nhấn một nút” như trên, bạn còn có thể in trực tiếp từ máy ảnh, điện thoại di động hỗ trợ chuẩn PictBridge, hoặc thẻ nhớ SD/MMC. Máy in khá nhanh theo nguyên tắc sáp nhiệt: in một ảnh chỉ mất khoảng 1 phút với 4 lần chạy giấy. Chỉ khi truyền không dây Bluetooth và nhất là hồng ngoại thì bạn mới cảm thấy “lâu”! <BR>Nhỏ gọn, tiện dụng nhưng ảnh tạo bởi Kodak EasyShare Printer Dock Plus có thể sánh với minilab. Chất lượng ảnh in chỉ phụ thuộc vào chất lượng ảnh chụp. Anh rất đẹp, hài hòa nếu bạn chụp bằng máy ảnh tốt. Thậm chí ảnh chụp bởi điện thoại di động Nokia 6680 (CCD 1,3 megapixel) rửa ra cũng rất chuyên nghiệp. Khi nhấn nút Kodak Perfect Touch Technology, máy tự động tối ưu thông số và xuất ra ảnh sáng, đẹp hơn. Bên cạnh đó, ảnh còn được phủ la-mi-ne (tính năng Kodak Xtralife) nhằm tăng độ bền và chống nước.</P>\r\n<P>Trên nắp máy có sẵn nút chọn cỡ ảnh 10x15 cm, 7x10 cm (2 ảnh/trang in), 5x7 cm (4 ảnh/trang in), mini 3x5 cm (9 ảnh/tờ) rất tiện lợi. Ngoài in ảnh, bạn có thể “chơi sang” dùng Kodak EasyShare Printer Dock Plus in thiệp mời, bưu thiếp khi du lịch. Đi kèm máy in còn là 2 viên pin sạc AA dành cho máy ảnh, hộp mực màu Kodak Color Cartridge và tập giấy Photo Paper Sample Pack vừa đủ 10 tờ.</P>\r\n<P>Phải nói món “đồ chơi” này rất hay và là một món “ăn chơi” hơi tốn kém! Giá máy 239 USD, còn giấy 28 USD một hộp 40 tờ kèm hộp mực Kodak Color Cartridge vừa đủ.</P>', '2005-04-20 14:22:56', '1', '0', '0000-00-00 00:00:00');
INSERT INTO tinbai VALUES('193', '84', 'Bo mạch chủ - Những ngôi sao đang lên: 915 và 925', '', 'TINTUC/A0411_SP_Abit_AA8_3RD.jpg', 'Các bo mạch chủ (BMC) dùng chipset Intel 925 (Alderwood) và 915 (Grantsdale) đã mang đến một chuẩn mực mới cho máy tính để bàn. Cấu hình này được nâng lên với chipset 915, 925, BXL Pentium 4 Prescott, bộ nhớ DDR2 dual channel, đồ họa PCI Express x16, âm thanh 8 kênh (7.1), mạng gigabit, giao tiếp đĩa cứng SATA.', '<P>Tất cả BMC được thử nghiệm của các hãng Abit, Asus, Gigabyte, MSI đều dùng chipset 915 và 925, thêm vào đó còn có nhiều tính năng cao cấp như âm thanh số SPDIF ngõ đồng trục/quang, giao tiếp đĩa cứng IDE RAID, SATA RAID, mạng không dây (wireless LAN), IEEE 1394...</P>\r\n<P><STRONG>Abit AA8-3RD eye và AG8-3RD eye</STRONG><BR>Abit AA8-3RD eye và AG8-3RD eye có thiết kế gần giống nhau: chip cầu bắc được tản nhiệt bằng quạt đặt nằm ngang tạo luồng không khí thuận chiều với luồng khí thổi ra từ quạt tản nhiệt của BXL, jumper được thiết kế dài hơn bình thường để dễ tháo lắp, các đèn LED trên bo mạch sẽ hiển thị mã lỗi khi BMC có vấn đề và bạn cần tra sách hướng dẫn để biết nguyên nhân.</P>\r\n<P>Cả hai BMC đều thuộc dòng µGURU giống như Abit AV8-3RD eye mà chúng tôi đã giới thiệu trên TGVT-PC World A tháng 10/2004, trang 42. Do đó, chúng không thể thiếu những đặc trưng µGURU mà Abit đã quảng bá trong thời gian gần đây. Đồng hồ µGURU hiển thị nhiều thông tin hữu ích như tốc độ BXL, thông tin ép xung, tốc độ quạt, nhiệt độ, điện thế của nhiều bộ phận trong hệ thống. Chip tích hợp µGURU cho phép quản lý, cập nhật, điều chỉnh nhiều thông số ngay trong môi trường Windows với 4 tiện ích: Abit EQ hiển thị thông tin hệ thống; Abit OC Guru điều chỉnh xung và điện thế; Abit FlashMenu cập nhật và lưu dự phòng BIOS; Abit BlackBox tự động kiểm tra và lưu các thông tin hệ thống để tìm nguyên nhân gây lỗi.</P>\r\n<P>AA8-3RD eye được xây dựng trên nền chipset Intel 925X, hỗ trợ âm thanh 8 kênh và bộ nhớ DDR2 533/400, trong khi AG8-3RD eye dùng 915P chỉ hỗ trợ âm thanh 6 kênh và bộ nhớ DDR 400/333.</P>\r\n<P>Kết quả thử nghiệm (xem bảng) cho thấy tốc độ hai BMC hầu như không khác biệt. Tuy nhiên, giá cả của hai loại này lại chêch lệch khá nhiều, bạn có thể chọn AG8-3RD eye nếu quan tâm đến chi phí hoặc AA8-3RD eye để có một chút khác biệt về tốc độ cũng như chất lượng âm thanh hay hơn.</P>\r\n<P><STRONG>Asus P5AD2 Premium</STRONG></P>\r\n<P>Asus P5AD2 Premium rất ấn tượng với nhiều khe, chân cắm mở rộng và phụ kiện kèm theo. BMC có thiết kế tốt: dù có nhiều giao tiếp nhưng không bất tiện khi tháo/lắp, các chân cắm được mã màu thuận tiện, ngoài ra còn có hệ thống tản nhiệt bằng hợp kim nằm giữa BXL và các giao tiếp phía sau nên không gây ra tiếng ồn, ổn định và tuổi thọ cao.</P>\r\n<P>Asus P5AD2 Premium là dòng sản phẩm đứng đầu của Asus dùng chipset 925X. Theo thông tin của nhà sản xuất, BMC này tích hợp công nghệ AI Proactive với các đặc điểm: Stack Cool giúp tản nhiệt hệ thống nhưng không dùng quạt; AI NOS tự động tăng tốc các ứng dụng cần thiết dựa vào khối lượng công việc của BXL; Wifi-G có tốc độ cao, được dùng như một điểm truy cập (Access Point) hay một card mạng không dây, tương thích với chuẩn IEEE 802.11g tốc độ 54Mbps; AI Net2 có thể kiểm tra kết nối mạng nội bộ (LAN) trước khi khởi động hệ điều hành và thông báo lại các kết nối nếu có lỗi trong vòng 100m với độ chính xác 1m; hỗ trợ DDR2 600 mặc dù các chipset 925 và 915 của Intel chỉ hỗ trợ DDR2 533/400; Hyper Path2 giúp giảm thời gian chờ của bộ nhớ, tăng khả năng xử lý của hệ thống.</P>\r\n<P>So với các BMC còn lại thì Asus P5AD2 Premium có khả năng xử lý nhanh hơn, nhiều tính năng cao cấp, đặc biệt là giao tiếp mạng không dây và hỗ trợ bộ nhớ DDR2 600 nhưng bạn phải chuẩn bị ngân sách đầy đủ nếu muốn ’chơi’ với dòng sản phẩm ’hi-tech’ này.</P>\r\n<P><STRONG>Gigabyte GA-8I915P-G</STRONG>&nbsp; <BR>Gigabyte GA-8I915P-G có thiết kế chuẩn: các chân và khe cắm đều được mã màu, chân cắm nguồn tạo được sự an toàn khi có thiết kế ’gờ’ dài hơn bình thường để có thể gắn khớp với cả bộ nguồn 24 chân và 20 chân.</P>\r\n<P>BMC này nổi bật so với các sản phẩm khác nhờ tính năng cài đặt trình điều khiển tự động. Về các giao tiếp mở rộng thì GA-8I915P-G ’yếu hơn’, chỉ có âm thanh số SPDIF và mạng gigabit, còn các tính năng khác như giao tiếp đĩa cứng SATA RAID, IEEE 1394 thì không được hỗ trợ. Việc bỏ bớt các giao tiếp đã đem lại lợi thế cho BMC này với giá khá ’dễ chịu’ so với các sản phẩm khác trong khi tốc độ lại không khác biệt nhiều.</P>\r\n<P><STRONG>MSI 915P Neo2 Platium</STRONG></P>\r\n<P>Về thiết kế thì MSI 915P Neo2 Platium có nhiều cải tiến đáng ghi nhận: chân cắm được mã màu tạo thuận tiện cho người dùng; cáp cho giao tiếp IDE và FDD dạng tròn, gọn và ít cản luồng khí tản nhiệt của hệ thống; chân cắm nguồn cũng được cải tiến giống như Gigabyte GA-8I915P-G; hệ thống tản nhiệt Active MOS giống Asus P5AD2 Premium. Tuy nhiên BMC này cũng còn một vài bất tiện: việc đánh dấu màu cho 4 khe bộ nhớ không giống đa số các hãng khác nên dễ gây nhầm lẫn khi gắn bộ nhớ dual channel, khe cắm PCI Express x16 có chốt khóa quá ngắn nên khó tháo card đồ họa.</P>\r\n<P>MSI 915P Neo2 Platium có các giao tiếp nổi bật: IDE RAID qua chip điều khiển VIA; SATA RAID; D-Bracket2 hỗ trợ 4 đèn LED để chẩn đoán nếu hệ thống bị lỗi, âm thanh số SPDIF ngõ đồng trục và quang. Ngoài ra, bạn dễ dàng nhận thấy sự hiện diện của chip MSI CoreCell trên BMC đem đến cho hệ thống 4 đặc điểm: BuzzFree giảm nóng và tiếng ồn; PowerPro giúp tiết kiệm điện; LifePro kéo dài tuổi thọ cho hệ thống; Speedster ép xung động. </P>\r\n<P>BMC có tốc độ xử lý cao và đầy đủ các giao tiếp. Do đây chỉ là hàng mẫu nên chưa có giá chính thức.<BR>&nbsp;&nbsp; <BR><STRONG>MSI 915P Neo2 Platium</STRONG> <BR>Nhìn chung, các BMC chipset 915, 925 nhanh hơn khá nhiều so với hệ thống 875, 865, tuy nhiên, khi thử nghiệm thì các chip cầu nam của 2 dòng sản phẩm này khá nóng. Bạn dễ dàng nhận ra các BMC thế hệ mới có đế cắm BXL rất khác so với trước đây - 775 chân rất chi chít, có khung và nắp để giữ chặt BXL. Các chân giao tiếp này có thể làm hỏng BMC, do đó một số hãng đã yêu cầu phải gắn tấm nhựa bảo vệ đế cắm BXL trước khi gởi bảo hành. Khe cắm DDR2 có chân ngăn cách khá giống DDR và nằm gần chính giữa, vì vậy dễ bị gắn sai chiều hoặc gắn nhầm giữa 2 loại bộ nhớ DDR, DDR2.</P>\r\n<P>Sự khác biệt về tốc độ giữa các BMC thử nghiệm hầu như không thể hiện rõ, do đó bạn có thể dựa vào một số yếu tố khác để chọn BMC phù hợp như: dùng bộ nhớ DDR hay DDR2, âm thanh 8 kênh hay có thêm SPDIF vào/ra, có cần sử dụng các giao tiếp như IEEE 1394 dành cho thiết bị về video, giao tiếp đĩa cứng IDE RAID, SATA RAID nhằm tăng tốc độ truy cập và tạo đĩa dự phòng dữ liệu, mạng không dây.</P>', '2005-04-20 14:37:53', '1', '0', '0000-00-00 00:00:00');
INSERT INTO tinbai VALUES('199', '201', 'giới thiệu về công ty', '', '', 'chương trình khuyễn mãi kéo dài từ ngày 24/02/2004 đến ngày 24/12/06', '<DIV class=markred align=justify>Các lĩnh vực hoạt động của công ty: </DIV>\r\n<DIV class=markred align=justify><IMG style=\"WIDTH: 225px; HEIGHT: 196px\" height=768 alt=\"\" src=\"/treeadmin/EBIZeditor/filemanager/browse/sample_html/images/10.jpg\" width=1024 align=left border=0></DIV>\r\n<P align=justify></P>\r\n<P align=justify>1 Cung cấp máy tính, máy in và linh kiện(máy sách tay - Notebook, PDA/PocketPC), máy tính bỏ túi có có GMS-GPGS(02XDA-HP-DELL), Máy chiếu(Projector), máy ảnh kĩ thuật số digital, camera.<BR>2 Cung cấp các thẻ nhỡ PDA , MOBILEPHONE, DIGITAL CAMERA.<BR>3 Cung cấp các thiết bị lưu chữ dữ liệu, phòng Trống mất mát dữ liệu do virus hay nguồn điện chập trờn gây ra(Plextor / SONY / PIONEER / LITEON / ASUS / HP...)<BR>bao gôm: ? DVD-RW drives (DVD Writer), CD-RW (CD Writer) Internal / External / SLIM... ? Đầu ghi 1 CD, DVD ra nhiều CD, DVD Không đùng máy tính(1 CD ra 3,5,7,9 CD). ? Đầu ghi trực tiếp từ băng từ,máy quét ảnh kĩ thuật số, TV sang CD, SVCD, DVD (đầu chuyên dụng khôn dùng máy tính)<BR>4. Cung cấp các thiết bị nghe nhạc bỏ túi MP3/WMA + USB HDD + RECORDER ( SONY / Panasonic / Apple Ipod...)<BR>Bao gồm: ? HDD USB di động 128 / 256 / 512Mb / 1Gb / 2Gb / 20Gb. ? Thiết bị nghe nhạc bỏ túi MP3/WMA + USB HDD + RECORDER / thiêth bị ghi âm chuyên nghiệp (có thể ghi âm điện thoại bàn 2 chiều).<BR>5. Cung cấp các thiết bị tích đện UPS dung lượng lớn và cực lớn(chạy cho cả căn hộ và văn phòng công ty) và thời gian từ lâu(4h)đến rất lâu(12h, 24h), có UPS chống sôc điện dùng trong khu vực đang thi công,hay gần máy hàn máy nổ. Trách tình trang gây gay hư hong cho dồ điện, điện tử khi sử dụng dồ điện không ổn định.<BR>6.cung câp cá thiết bị mạng: ADSL / HUB / SWITCH / Wireless LAN của ZOOM, 3Com, Cisco, TP-link, LinkSYS, NETGEAR. Cung câp các loại điện thoại internet (VoIP) dùng để gọi quôc tế với giá giẻ, cắm thẳng vào cổng RJ45 của HUB hay ADSL (không cần dùng máy vi tính) hay khôn cân day có thể kết nôi 2 toà nhà cách nhau từ 1km-40km (với giá cả hợp lý).<BR>7. các dịnh vụ bảo trì và lâng cáp may vi tính, máy sách tay (Notebook), Máy tính bỏ túi (PDA pocketpc ), Monitor, CD Rom, UPS, Printer.<BR>8. Mạng maýu tính: thiết kế cài đặt mạng máy tính các loại(mạng ngang hàng,mạng máy chủ - con, mạng dậy học không càn dùng HDD: dễ quản lý trách virus, Internet, Email). thiết kế hệ thông mạn không dây 54Mbps / 108Mbps trong văn phòng, cao ốc ,nối mạng khôn dây giữ các cao ốc cách xa tới 40km. </P>', '2005-10-29 11:55:21', '1', '0', '0000-00-00 00:00:00');



